"Sale of alcoholic beverages per capita, as litres of pure alcohol";"714";"Central Finland";"13";"combined";1990;7.3;1861801
"Sale of alcoholic beverages per capita, as litres of pure alcohol";"714";"Central Finland";"13";"combined";1991;7.1;1823793
"Sale of alcoholic beverages per capita, as litres of pure alcohol";"714";"Central Finland";"13";"combined";1992;6.9;1781239
"Sale of alcoholic beverages per capita, as litres of pure alcohol";"714";"Central Finland";"13";"combined";1993;6.5;1673891
"Sale of alcoholic beverages per capita, as litres of pure alcohol";"714";"Central Finland";"13";"combined";1994;6.3;1643306
"Sale of alcoholic beverages per capita, as litres of pure alcohol";"714";"Central Finland";"13";"combined";1995;6.5;1695052
"Sale of alcoholic beverages per capita, as litres of pure alcohol";"714";"Central Finland";"13";"combined";1996;6.7;1736695
"Sale of alcoholic beverages per capita, as litres of pure alcohol";"714";"Central Finland";"13";"combined";1997;6.7;1760190
"Sale of alcoholic beverages per capita, as litres of pure alcohol";"714";"Central Finland";"13";"combined";1998;6.8;1774952
"Sale of alcoholic beverages per capita, as litres of pure alcohol";"714";"Central Finland";"13";"combined";1999;6.8;1776899
"Sale of alcoholic beverages per capita, as litres of pure alcohol";"714";"Central Finland";"13";"combined";2000;6.8;1787096
"Sale of alcoholic beverages per capita, as litres of pure alcohol";"714";"Central Finland";"13";"combined";2001;7.1;1859185
"Sale of alcoholic beverages per capita, as litres of pure alcohol";"714";"Central Finland";"13";"combined";2002;7.4;1941151
"Sale of alcoholic beverages per capita, as litres of pure alcohol";"714";"Central Finland";"13";"combined";2003;7.4;1966779
"Sale of alcoholic beverages per capita, as litres of pure alcohol";"714";"Central Finland";"13";"combined";2004;7.9;2110493
"Sale of alcoholic beverages per capita, as litres of pure alcohol";"714";"Central Finland";"13";"combined";2005;8.0;2127506
"Sale of alcoholic beverages per capita, as litres of pure alcohol";"714";"Central Finland";"13";"combined";2006;8.2;2181468
"Sale of alcoholic beverages per capita, as litres of pure alcohol";"714";"Central Finland";"13";"combined";2007;8.5;2282539
"Sale of alcoholic beverages per capita, as litres of pure alcohol";"714";"Central Finland";"13";"combined";2008;8.4;2269328
"Sale of alcoholic beverages per capita, as litres of pure alcohol";"714";"Central Finland";"13";"combined";2009;8.3;2229368
"Sale of alcoholic beverages per capita, as litres of pure alcohol";"714";"Central Finland";"13";"combined";2010;8.1;2189081
"Sale of alcoholic beverages per capita, as litres of pure alcohol";"714";"Central Finland";"13";"combined";2011;8.1;2198704
"Sale of alcoholic beverages per capita, as litres of pure alcohol";"714";"Central Finland";"13";"combined";2012;7.7;2090989
"Sale of alcoholic beverages per capita, as litres of pure alcohol";"714";"Central Finland";"13";"combined";2013;7.5;2048489
"Sale of alcoholic beverages per capita, as litres of pure alcohol";"714";"Central Finland";"13";"combined";2014;7.3;1989143
"Sale of alcoholic beverages per capita, as litres of pure alcohol";"714";"Central Finland";"13";"combined";2015;7.1;1945173
"Sale of alcoholic beverages per capita, as litres of pure alcohol";"714";"Central Finland";"13";"combined";2016;7.1;1954111
"Sale of alcoholic beverages per capita, as litres of pure alcohol";"714";"Central Finland";"13";"combined";2017;7.1;1933966
"Sale of alcoholic beverages per capita, as litres of pure alcohol";"714";"Central Finland";"13";"combined";2018;7.1;1947209
"Sale of alcoholic beverages per capita, as litres of pure alcohol";"714";"Central Finland";"13";"combined";2019;6.9;1880602
"Sale of alcoholic beverages per capita, as litres of pure alcohol";"714";"Central Finland";"13";"combined";2020;6.9;1878903
"Sale of alcoholic beverages per capita, as litres of pure alcohol";"714";"Central Finland";"13";"combined";2021;7.0;1906819
"Sale of alcoholic beverages per capita, as litres of pure alcohol";"714";"Central Finland";"13";"combined";2022;6.5;1767719
"Sale of alcoholic beverages per capita, as litres of pure alcohol";"714";"Central Finland";"13";"combined";2023;6.4;1741810
"Sale of alcoholic beverages per capita, as litres of pure alcohol";"714";"Central Ostrobothnia";"16";"combined";1990;5.0;340616
"Sale of alcoholic beverages per capita, as litres of pure alcohol";"714";"Central Ostrobothnia";"16";"combined";1991;5.1;348456
"Sale of alcoholic beverages per capita, as litres of pure alcohol";"714";"Central Ostrobothnia";"16";"combined";1992;4.9;339488
"Sale of alcoholic beverages per capita, as litres of pure alcohol";"714";"Central Ostrobothnia";"16";"combined";1993;4.7;324266
"Sale of alcoholic beverages per capita, as litres of pure alcohol";"714";"Central Ostrobothnia";"16";"combined";1994;4.7;328006
"Sale of alcoholic beverages per capita, as litres of pure alcohol";"714";"Central Ostrobothnia";"16";"combined";1995;4.9;337331
"Sale of alcoholic beverages per capita, as litres of pure alcohol";"714";"Central Ostrobothnia";"16";"combined";1996;5.1;355271
"Sale of alcoholic beverages per capita, as litres of pure alcohol";"714";"Central Ostrobothnia";"16";"combined";1997;5.2;356435
"Sale of alcoholic beverages per capita, as litres of pure alcohol";"714";"Central Ostrobothnia";"16";"combined";1998;5.3;361484
"Sale of alcoholic beverages per capita, as litres of pure alcohol";"714";"Central Ostrobothnia";"16";"combined";1999;5.4;371875
"Sale of alcoholic beverages per capita, as litres of pure alcohol";"714";"Central Ostrobothnia";"16";"combined";2000;5.4;369778
"Sale of alcoholic beverages per capita, as litres of pure alcohol";"714";"Central Ostrobothnia";"16";"combined";2001;5.7;385642
"Sale of alcoholic beverages per capita, as litres of pure alcohol";"714";"Central Ostrobothnia";"16";"combined";2002;6.0;405644
"Sale of alcoholic beverages per capita, as litres of pure alcohol";"714";"Central Ostrobothnia";"16";"combined";2003;6.2;416392
"Sale of alcoholic beverages per capita, as litres of pure alcohol";"714";"Central Ostrobothnia";"16";"combined";2004;6.7;450184
"Sale of alcoholic beverages per capita, as litres of pure alcohol";"714";"Central Ostrobothnia";"16";"combined";2005;6.8;458499
"Sale of alcoholic beverages per capita, as litres of pure alcohol";"714";"Central Ostrobothnia";"16";"combined";2006;7.0;474468
"Sale of alcoholic beverages per capita, as litres of pure alcohol";"714";"Central Ostrobothnia";"16";"combined";2007;7.1;481441
"Sale of alcoholic beverages per capita, as litres of pure alcohol";"714";"Central Ostrobothnia";"16";"combined";2008;7.1;479794
"Sale of alcoholic beverages per capita, as litres of pure alcohol";"714";"Central Ostrobothnia";"16";"combined";2009;7.0;479209
"Sale of alcoholic beverages per capita, as litres of pure alcohol";"714";"Central Ostrobothnia";"16";"combined";2010;6.9;472643
"Sale of alcoholic beverages per capita, as litres of pure alcohol";"714";"Central Ostrobothnia";"16";"combined";2011;7.2;491851
"Sale of alcoholic beverages per capita, as litres of pure alcohol";"714";"Central Ostrobothnia";"16";"combined";2012;6.8;466726
"Sale of alcoholic beverages per capita, as litres of pure alcohol";"714";"Central Ostrobothnia";"16";"combined";2013;6.8;466990
"Sale of alcoholic beverages per capita, as litres of pure alcohol";"714";"Central Ostrobothnia";"16";"combined";2014;6.7;462488
"Sale of alcoholic beverages per capita, as litres of pure alcohol";"714";"Central Ostrobothnia";"16";"combined";2015;6.5;447371
"Sale of alcoholic beverages per capita, as litres of pure alcohol";"714";"Central Ostrobothnia";"16";"combined";2016;6.4;444874
"Sale of alcoholic beverages per capita, as litres of pure alcohol";"714";"Central Ostrobothnia";"16";"combined";2017;6.4;441144
"Sale of alcoholic beverages per capita, as litres of pure alcohol";"714";"Central Ostrobothnia";"16";"combined";2018;6.2;425573
"Sale of alcoholic beverages per capita, as litres of pure alcohol";"714";"Central Ostrobothnia";"16";"combined";2019;6.1;412641
"Sale of alcoholic beverages per capita, as litres of pure alcohol";"714";"Central Ostrobothnia";"16";"combined";2020;6.2;424725
"Sale of alcoholic beverages per capita, as litres of pure alcohol";"714";"Central Ostrobothnia";"16";"combined";2021;6.2;418707
"Sale of alcoholic beverages per capita, as litres of pure alcohol";"714";"Central Ostrobothnia";"16";"combined";2022;5.9;402544
"Sale of alcoholic beverages per capita, as litres of pure alcohol";"714";"Central Ostrobothnia";"16";"combined";2023;5.7;386506
"Sale of alcoholic beverages per capita, as litres of pure alcohol";"714";"Kainuu";"18";"combined";1990;6.6;613008
"Sale of alcoholic beverages per capita, as litres of pure alcohol";"714";"Kainuu";"18";"combined";1991;6.5;599038
"Sale of alcoholic beverages per capita, as litres of pure alcohol";"714";"Kainuu";"18";"combined";1992;6.4;587390
"Sale of alcoholic beverages per capita, as litres of pure alcohol";"714";"Kainuu";"18";"combined";1993;6.1;561648
"Sale of alcoholic beverages per capita, as litres of pure alcohol";"714";"Kainuu";"18";"combined";1994;6.0;550755
"Sale of alcoholic beverages per capita, as litres of pure alcohol";"714";"Kainuu";"18";"combined";1995;6.2;561009
"Sale of alcoholic beverages per capita, as litres of pure alcohol";"714";"Kainuu";"18";"combined";1996;6.1;551896
"Sale of alcoholic beverages per capita, as litres of pure alcohol";"714";"Kainuu";"18";"combined";1997;6.3;563950
"Sale of alcoholic beverages per capita, as litres of pure alcohol";"714";"Kainuu";"18";"combined";1998;6.4;560962
"Sale of alcoholic beverages per capita, as litres of pure alcohol";"714";"Kainuu";"18";"combined";1999;6.5;562818
"Sale of alcoholic beverages per capita, as litres of pure alcohol";"714";"Kainuu";"18";"combined";2000;6.4;552020
"Sale of alcoholic beverages per capita, as litres of pure alcohol";"714";"Kainuu";"18";"combined";2001;6.8;576149
"Sale of alcoholic beverages per capita, as litres of pure alcohol";"714";"Kainuu";"18";"combined";2002;7.0;582931
"Sale of alcoholic beverages per capita, as litres of pure alcohol";"714";"Kainuu";"18";"combined";2003;7.2;592172
"Sale of alcoholic beverages per capita, as litres of pure alcohol";"714";"Kainuu";"18";"combined";2004;7.9;652718
"Sale of alcoholic beverages per capita, as litres of pure alcohol";"714";"Kainuu";"18";"combined";2005;8.3;674869
"Sale of alcoholic beverages per capita, as litres of pure alcohol";"714";"Kainuu";"18";"combined";2006;8.5;682948
"Sale of alcoholic beverages per capita, as litres of pure alcohol";"714";"Kainuu";"18";"combined";2007;8.8;706545
"Sale of alcoholic beverages per capita, as litres of pure alcohol";"714";"Kainuu";"18";"combined";2008;9.0;717202
"Sale of alcoholic beverages per capita, as litres of pure alcohol";"714";"Kainuu";"18";"combined";2009;8.9;702949
"Sale of alcoholic beverages per capita, as litres of pure alcohol";"714";"Kainuu";"18";"combined";2010;8.7;682282
"Sale of alcoholic beverages per capita, as litres of pure alcohol";"714";"Kainuu";"18";"combined";2011;8.9;695962
"Sale of alcoholic beverages per capita, as litres of pure alcohol";"714";"Kainuu";"18";"combined";2012;8.6;667722
"Sale of alcoholic beverages per capita, as litres of pure alcohol";"714";"Kainuu";"18";"combined";2013;8.5;652157
"Sale of alcoholic beverages per capita, as litres of pure alcohol";"714";"Kainuu";"18";"combined";2014;8.3;631628
"Sale of alcoholic beverages per capita, as litres of pure alcohol";"714";"Kainuu";"18";"combined";2015;8.0;604082
"Sale of alcoholic beverages per capita, as litres of pure alcohol";"714";"Kainuu";"18";"combined";2016;8.1;602679
"Sale of alcoholic beverages per capita, as litres of pure alcohol";"714";"Kainuu";"18";"combined";2017;8.0;591313
"Sale of alcoholic beverages per capita, as litres of pure alcohol";"714";"Kainuu";"18";"combined";2018;8.1;589885
"Sale of alcoholic beverages per capita, as litres of pure alcohol";"714";"Kainuu";"18";"combined";2019;7.9;569056
"Sale of alcoholic beverages per capita, as litres of pure alcohol";"714";"Kainuu";"18";"combined";2020;8.0;573155
"Sale of alcoholic beverages per capita, as litres of pure alcohol";"714";"Kainuu";"18";"combined";2021;8.1;578632
"Sale of alcoholic beverages per capita, as litres of pure alcohol";"714";"Kainuu";"18";"combined";2022;7.7;540991
"Sale of alcoholic beverages per capita, as litres of pure alcohol";"714";"Kainuu";"18";"combined";2023;7.5;527090
"Sale of alcoholic beverages per capita, as litres of pure alcohol";"714";"Kanta-Häme";"05";"combined";1990;7.3;1190059
"Sale of alcoholic beverages per capita, as litres of pure alcohol";"714";"Kanta-Häme";"05";"combined";1991;7.1;1155753
"Sale of alcoholic beverages per capita, as litres of pure alcohol";"714";"Kanta-Häme";"05";"combined";1992;6.8;1122094
"Sale of alcoholic beverages per capita, as litres of pure alcohol";"714";"Kanta-Häme";"05";"combined";1993;6.5;1063370
"Sale of alcoholic beverages per capita, as litres of pure alcohol";"714";"Kanta-Häme";"05";"combined";1994;6.3;1038439
"Sale of alcoholic beverages per capita, as litres of pure alcohol";"714";"Kanta-Häme";"05";"combined";1995;6.5;1074674
"Sale of alcoholic beverages per capita, as litres of pure alcohol";"714";"Kanta-Häme";"05";"combined";1996;6.6;1092726
"Sale of alcoholic beverages per capita, as litres of pure alcohol";"714";"Kanta-Häme";"05";"combined";1997;6.7;1099162
"Sale of alcoholic beverages per capita, as litres of pure alcohol";"714";"Kanta-Häme";"05";"combined";1998;6.8;1123879
"Sale of alcoholic beverages per capita, as litres of pure alcohol";"714";"Kanta-Häme";"05";"combined";1999;7.0;1149901
"Sale of alcoholic beverages per capita, as litres of pure alcohol";"714";"Kanta-Häme";"05";"combined";2000;7.0;1156351
"Sale of alcoholic beverages per capita, as litres of pure alcohol";"714";"Kanta-Häme";"05";"combined";2001;7.3;1213583
"Sale of alcoholic beverages per capita, as litres of pure alcohol";"714";"Kanta-Häme";"05";"combined";2002;7.8;1290218
"Sale of alcoholic beverages per capita, as litres of pure alcohol";"714";"Kanta-Häme";"05";"combined";2003;7.8;1307763
"Sale of alcoholic beverages per capita, as litres of pure alcohol";"714";"Kanta-Häme";"05";"combined";2004;8.3;1384501
"Sale of alcoholic beverages per capita, as litres of pure alcohol";"714";"Kanta-Häme";"05";"combined";2005;8.2;1387103
"Sale of alcoholic beverages per capita, as litres of pure alcohol";"714";"Kanta-Häme";"05";"combined";2006;8.5;1442079
"Sale of alcoholic beverages per capita, as litres of pure alcohol";"714";"Kanta-Häme";"05";"combined";2007;9.0;1534839
"Sale of alcoholic beverages per capita, as litres of pure alcohol";"714";"Kanta-Häme";"05";"combined";2008;8.8;1530237
"Sale of alcoholic beverages per capita, as litres of pure alcohol";"714";"Kanta-Häme";"05";"combined";2009;8.5;1479226
"Sale of alcoholic beverages per capita, as litres of pure alcohol";"714";"Kanta-Häme";"05";"combined";2010;8.4;1459316
"Sale of alcoholic beverages per capita, as litres of pure alcohol";"714";"Kanta-Häme";"05";"combined";2011;8.5;1487003
"Sale of alcoholic beverages per capita, as litres of pure alcohol";"714";"Kanta-Häme";"05";"combined";2012;7.9;1394053
"Sale of alcoholic beverages per capita, as litres of pure alcohol";"714";"Kanta-Häme";"05";"combined";2013;7.8;1362292
"Sale of alcoholic beverages per capita, as litres of pure alcohol";"714";"Kanta-Häme";"05";"combined";2014;7.5;1316129
"Sale of alcoholic beverages per capita, as litres of pure alcohol";"714";"Kanta-Häme";"05";"combined";2015;7.4;1286227
"Sale of alcoholic beverages per capita, as litres of pure alcohol";"714";"Kanta-Häme";"05";"combined";2016;7.3;1269011
"Sale of alcoholic beverages per capita, as litres of pure alcohol";"714";"Kanta-Häme";"05";"combined";2017;7.2;1247634
"Sale of alcoholic beverages per capita, as litres of pure alcohol";"714";"Kanta-Häme";"05";"combined";2018;7.3;1252256
"Sale of alcoholic beverages per capita, as litres of pure alcohol";"714";"Kanta-Häme";"05";"combined";2019;7.1;1218840
"Sale of alcoholic beverages per capita, as litres of pure alcohol";"714";"Kanta-Häme";"05";"combined";2020;7.4;1255340
"Sale of alcoholic beverages per capita, as litres of pure alcohol";"714";"Kanta-Häme";"05";"combined";2021;7.4;1260999
"Sale of alcoholic beverages per capita, as litres of pure alcohol";"714";"Kanta-Häme";"05";"combined";2022;6.8;1147776
"Sale of alcoholic beverages per capita, as litres of pure alcohol";"714";"Kanta-Häme";"05";"combined";2023;6.6;1121352
"Sale of alcoholic beverages per capita, as litres of pure alcohol";"714";"Kymenlaakso";"08";"combined";1990;8.3;1545386
"Sale of alcoholic beverages per capita, as litres of pure alcohol";"714";"Kymenlaakso";"08";"combined";1991;7.9;1468039
"Sale of alcoholic beverages per capita, as litres of pure alcohol";"714";"Kymenlaakso";"08";"combined";1992;7.6;1422664
"Sale of alcoholic beverages per capita, as litres of pure alcohol";"714";"Kymenlaakso";"08";"combined";1993;7.3;1355484
"Sale of alcoholic beverages per capita, as litres of pure alcohol";"714";"Kymenlaakso";"08";"combined";1994;7.0;1293560
"Sale of alcoholic beverages per capita, as litres of pure alcohol";"714";"Kymenlaakso";"08";"combined";1995;6.6;1221769
"Sale of alcoholic beverages per capita, as litres of pure alcohol";"714";"Kymenlaakso";"08";"combined";1996;6.9;1269289
"Sale of alcoholic beverages per capita, as litres of pure alcohol";"714";"Kymenlaakso";"08";"combined";1997;7.1;1298025
"Sale of alcoholic beverages per capita, as litres of pure alcohol";"714";"Kymenlaakso";"08";"combined";1998;7.1;1295729
"Sale of alcoholic beverages per capita, as litres of pure alcohol";"714";"Kymenlaakso";"08";"combined";1999;7.1;1285726
"Sale of alcoholic beverages per capita, as litres of pure alcohol";"714";"Kymenlaakso";"08";"combined";2000;7.0;1252618
"Sale of alcoholic beverages per capita, as litres of pure alcohol";"714";"Kymenlaakso";"08";"combined";2001;7.5;1338961
"Sale of alcoholic beverages per capita, as litres of pure alcohol";"714";"Kymenlaakso";"08";"combined";2002;7.8;1402982
"Sale of alcoholic beverages per capita, as litres of pure alcohol";"714";"Kymenlaakso";"08";"combined";2003;8.0;1426826
"Sale of alcoholic beverages per capita, as litres of pure alcohol";"714";"Kymenlaakso";"08";"combined";2004;8.5;1510049
"Sale of alcoholic beverages per capita, as litres of pure alcohol";"714";"Kymenlaakso";"08";"combined";2005;8.5;1508352
"Sale of alcoholic beverages per capita, as litres of pure alcohol";"714";"Kymenlaakso";"08";"combined";2006;8.7;1547257
"Sale of alcoholic beverages per capita, as litres of pure alcohol";"714";"Kymenlaakso";"08";"combined";2007;9.2;1619748
"Sale of alcoholic beverages per capita, as litres of pure alcohol";"714";"Kymenlaakso";"08";"combined";2008;9.0;1582302
"Sale of alcoholic beverages per capita, as litres of pure alcohol";"714";"Kymenlaakso";"08";"combined";2009;8.8;1544251
"Sale of alcoholic beverages per capita, as litres of pure alcohol";"714";"Kymenlaakso";"08";"combined";2010;8.6;1505591
"Sale of alcoholic beverages per capita, as litres of pure alcohol";"714";"Kymenlaakso";"08";"combined";2011;8.6;1511359
"Sale of alcoholic beverages per capita, as litres of pure alcohol";"714";"Kymenlaakso";"08";"combined";2012;8.0;1396425
"Sale of alcoholic beverages per capita, as litres of pure alcohol";"714";"Kymenlaakso";"08";"combined";2013;8.0;1385289
"Sale of alcoholic beverages per capita, as litres of pure alcohol";"714";"Kymenlaakso";"08";"combined";2014;7.7;1327601
"Sale of alcoholic beverages per capita, as litres of pure alcohol";"714";"Kymenlaakso";"08";"combined";2015;7.5;1286347
"Sale of alcoholic beverages per capita, as litres of pure alcohol";"714";"Kymenlaakso";"08";"combined";2016;7.5;1272912
"Sale of alcoholic beverages per capita, as litres of pure alcohol";"714";"Kymenlaakso";"08";"combined";2017;7.5;1263882
"Sale of alcoholic beverages per capita, as litres of pure alcohol";"714";"Kymenlaakso";"08";"combined";2018;7.6;1271612
"Sale of alcoholic beverages per capita, as litres of pure alcohol";"714";"Kymenlaakso";"08";"combined";2019;7.5;1237061
"Sale of alcoholic beverages per capita, as litres of pure alcohol";"714";"Kymenlaakso";"08";"combined";2020;8.0;1297653
"Sale of alcoholic beverages per capita, as litres of pure alcohol";"714";"Kymenlaakso";"08";"combined";2021;7.9;1277877
"Sale of alcoholic beverages per capita, as litres of pure alcohol";"714";"Kymenlaakso";"08";"combined";2022;7.3;1161219
"Sale of alcoholic beverages per capita, as litres of pure alcohol";"714";"Kymenlaakso";"08";"combined";2023;7.2;1147054
"Sale of alcoholic beverages per capita, as litres of pure alcohol";"714";"Lapland";"19";"combined";1990;8.1;1632376
"Sale of alcoholic beverages per capita, as litres of pure alcohol";"714";"Lapland";"19";"combined";1991;8.0;1603424
"Sale of alcoholic beverages per capita, as litres of pure alcohol";"714";"Lapland";"19";"combined";1992;7.8;1582281
"Sale of alcoholic beverages per capita, as litres of pure alcohol";"714";"Lapland";"19";"combined";1993;7.6;1544090
"Sale of alcoholic beverages per capita, as litres of pure alcohol";"714";"Lapland";"19";"combined";1994;7.5;1521840
"Sale of alcoholic beverages per capita, as litres of pure alcohol";"714";"Lapland";"19";"combined";1995;7.9;1593653
"Sale of alcoholic beverages per capita, as litres of pure alcohol";"714";"Lapland";"19";"combined";1996;8.0;1613739
"Sale of alcoholic beverages per capita, as litres of pure alcohol";"714";"Lapland";"19";"combined";1997;8.2;1638051
"Sale of alcoholic beverages per capita, as litres of pure alcohol";"714";"Lapland";"19";"combined";1998;8.4;1656212
"Sale of alcoholic beverages per capita, as litres of pure alcohol";"714";"Lapland";"19";"combined";1999;8.4;1631540
"Sale of alcoholic beverages per capita, as litres of pure alcohol";"714";"Lapland";"19";"combined";2000;8.4;1620310
"Sale of alcoholic beverages per capita, as litres of pure alcohol";"714";"Lapland";"19";"combined";2001;8.9;1684860
"Sale of alcoholic beverages per capita, as litres of pure alcohol";"714";"Lapland";"19";"combined";2002;9.3;1739040
"Sale of alcoholic beverages per capita, as litres of pure alcohol";"714";"Lapland";"19";"combined";2003;9.5;1768880
"Sale of alcoholic beverages per capita, as litres of pure alcohol";"714";"Lapland";"19";"combined";2004;11.0;2044676
"Sale of alcoholic beverages per capita, as litres of pure alcohol";"714";"Lapland";"19";"combined";2005;11.2;2089787
"Sale of alcoholic beverages per capita, as litres of pure alcohol";"714";"Lapland";"19";"combined";2006;11.7;2158370
"Sale of alcoholic beverages per capita, as litres of pure alcohol";"714";"Lapland";"19";"combined";2007;12.3;2262804
"Sale of alcoholic beverages per capita, as litres of pure alcohol";"714";"Lapland";"19";"combined";2008;12.0;2211672
"Sale of alcoholic beverages per capita, as litres of pure alcohol";"714";"Lapland";"19";"combined";2009;11.2;2066462
"Sale of alcoholic beverages per capita, as litres of pure alcohol";"714";"Lapland";"19";"combined";2010;10.9;1993120
"Sale of alcoholic beverages per capita, as litres of pure alcohol";"714";"Lapland";"19";"combined";2011;11.2;2057009
"Sale of alcoholic beverages per capita, as litres of pure alcohol";"714";"Lapland";"19";"combined";2012;10.7;1963083
"Sale of alcoholic beverages per capita, as litres of pure alcohol";"714";"Lapland";"19";"combined";2013;10.6;1935689
"Sale of alcoholic beverages per capita, as litres of pure alcohol";"714";"Lapland";"19";"combined";2014;10.3;1867972
"Sale of alcoholic beverages per capita, as litres of pure alcohol";"714";"Lapland";"19";"combined";2015;10.1;1821622
"Sale of alcoholic beverages per capita, as litres of pure alcohol";"714";"Lapland";"19";"combined";2016;10.1;1825220
"Sale of alcoholic beverages per capita, as litres of pure alcohol";"714";"Lapland";"19";"combined";2017;10.2;1822495
"Sale of alcoholic beverages per capita, as litres of pure alcohol";"714";"Lapland";"19";"combined";2018;10.2;1817504
"Sale of alcoholic beverages per capita, as litres of pure alcohol";"714";"Lapland";"19";"combined";2019;10.0;1767556
"Sale of alcoholic beverages per capita, as litres of pure alcohol";"714";"Lapland";"19";"combined";2020;9.4;1666653
"Sale of alcoholic beverages per capita, as litres of pure alcohol";"714";"Lapland";"19";"combined";2021;9.4;1666941
"Sale of alcoholic beverages per capita, as litres of pure alcohol";"714";"Lapland";"19";"combined";2022;9.3;1640567
"Sale of alcoholic beverages per capita, as litres of pure alcohol";"714";"Lapland";"19";"combined";2023;9.0;1592592
"Sale of alcoholic beverages per capita, as litres of pure alcohol";"714";"North Karelia";"12";"combined";1990;6.8;1244763
"Sale of alcoholic beverages per capita, as litres of pure alcohol";"714";"North Karelia";"12";"combined";1991;6.7;1227984
"Sale of alcoholic beverages per capita, as litres of pure alcohol";"714";"North Karelia";"12";"combined";1992;6.6;1205505
"Sale of alcoholic beverages per capita, as litres of pure alcohol";"714";"North Karelia";"12";"combined";1993;6.2;1128356
"Sale of alcoholic beverages per capita, as litres of pure alcohol";"714";"North Karelia";"12";"combined";1994;6.0;1091256
"Sale of alcoholic beverages per capita, as litres of pure alcohol";"714";"North Karelia";"12";"combined";1995;5.9;1067470
"Sale of alcoholic beverages per capita, as litres of pure alcohol";"714";"North Karelia";"12";"combined";1996;5.9;1070326
"Sale of alcoholic beverages per capita, as litres of pure alcohol";"714";"North Karelia";"12";"combined";1997;6.1;1097144
"Sale of alcoholic beverages per capita, as litres of pure alcohol";"714";"North Karelia";"12";"combined";1998;6.1;1080868
"Sale of alcoholic beverages per capita, as litres of pure alcohol";"714";"North Karelia";"12";"combined";1999;6.1;1084325
"Sale of alcoholic beverages per capita, as litres of pure alcohol";"714";"North Karelia";"12";"combined";2000;6.1;1066393
"Sale of alcoholic beverages per capita, as litres of pure alcohol";"714";"North Karelia";"12";"combined";2001;6.3;1109494
"Sale of alcoholic beverages per capita, as litres of pure alcohol";"714";"North Karelia";"12";"combined";2002;6.6;1141534
"Sale of alcoholic beverages per capita, as litres of pure alcohol";"714";"North Karelia";"12";"combined";2003;6.7;1161776
"Sale of alcoholic beverages per capita, as litres of pure alcohol";"714";"North Karelia";"12";"combined";2004;7.3;1268651
"Sale of alcoholic beverages per capita, as litres of pure alcohol";"714";"North Karelia";"12";"combined";2005;7.6;1308170
"Sale of alcoholic beverages per capita, as litres of pure alcohol";"714";"North Karelia";"12";"combined";2006;7.8;1336663
"Sale of alcoholic beverages per capita, as litres of pure alcohol";"714";"North Karelia";"12";"combined";2007;8.0;1369955
"Sale of alcoholic beverages per capita, as litres of pure alcohol";"714";"North Karelia";"12";"combined";2008;8.0;1353687
"Sale of alcoholic beverages per capita, as litres of pure alcohol";"714";"North Karelia";"12";"combined";2009;7.9;1336552
"Sale of alcoholic beverages per capita, as litres of pure alcohol";"714";"North Karelia";"12";"combined";2010;7.8;1318784
"Sale of alcoholic beverages per capita, as litres of pure alcohol";"714";"North Karelia";"12";"combined";2011;7.8;1328634
"Sale of alcoholic beverages per capita, as litres of pure alcohol";"714";"North Karelia";"12";"combined";2012;7.4;1255621
"Sale of alcoholic beverages per capita, as litres of pure alcohol";"714";"North Karelia";"12";"combined";2013;7.4;1244028
"Sale of alcoholic beverages per capita, as litres of pure alcohol";"714";"North Karelia";"12";"combined";2014;7.2;1211497
"Sale of alcoholic beverages per capita, as litres of pure alcohol";"714";"North Karelia";"12";"combined";2015;7.0;1180742
"Sale of alcoholic beverages per capita, as litres of pure alcohol";"714";"North Karelia";"12";"combined";2016;7.0;1167489
"Sale of alcoholic beverages per capita, as litres of pure alcohol";"714";"North Karelia";"12";"combined";2017;6.9;1141466
"Sale of alcoholic beverages per capita, as litres of pure alcohol";"714";"North Karelia";"12";"combined";2018;6.6;1097203
"Sale of alcoholic beverages per capita, as litres of pure alcohol";"714";"North Karelia";"12";"combined";2019;6.7;1109540
"Sale of alcoholic beverages per capita, as litres of pure alcohol";"714";"North Karelia";"12";"combined";2020;7.1;1155049
"Sale of alcoholic beverages per capita, as litres of pure alcohol";"714";"North Karelia";"12";"combined";2021;7.1;1163455
"Sale of alcoholic beverages per capita, as litres of pure alcohol";"714";"North Karelia";"12";"combined";2022;6.6;1070101
"Sale of alcoholic beverages per capita, as litres of pure alcohol";"714";"North Karelia";"12";"combined";2023;6.6;1064823
"Sale of alcoholic beverages per capita, as litres of pure alcohol";"714";"North Ostrobothnia";"17";"combined";1990;6.1;2141251
"Sale of alcoholic beverages per capita, as litres of pure alcohol";"714";"North Ostrobothnia";"17";"combined";1991;6.0;2139801
"Sale of alcoholic beverages per capita, as litres of pure alcohol";"714";"North Ostrobothnia";"17";"combined";1992;5.9;2113996
"Sale of alcoholic beverages per capita, as litres of pure alcohol";"714";"North Ostrobothnia";"17";"combined";1993;5.7;2049782
"Sale of alcoholic beverages per capita, as litres of pure alcohol";"714";"North Ostrobothnia";"17";"combined";1994;5.6;2025921
"Sale of alcoholic beverages per capita, as litres of pure alcohol";"714";"North Ostrobothnia";"17";"combined";1995;5.8;2128612
"Sale of alcoholic beverages per capita, as litres of pure alcohol";"714";"North Ostrobothnia";"17";"combined";1996;5.9;2161843
"Sale of alcoholic beverages per capita, as litres of pure alcohol";"714";"North Ostrobothnia";"17";"combined";1997;6.0;2215122
"Sale of alcoholic beverages per capita, as litres of pure alcohol";"714";"North Ostrobothnia";"17";"combined";1998;6.0;2223104
"Sale of alcoholic beverages per capita, as litres of pure alcohol";"714";"North Ostrobothnia";"17";"combined";1999;6.0;2227483
"Sale of alcoholic beverages per capita, as litres of pure alcohol";"714";"North Ostrobothnia";"17";"combined";2000;6.2;2299926
"Sale of alcoholic beverages per capita, as litres of pure alcohol";"714";"North Ostrobothnia";"17";"combined";2001;6.4;2406493
"Sale of alcoholic beverages per capita, as litres of pure alcohol";"714";"North Ostrobothnia";"17";"combined";2002;6.6;2500874
"Sale of alcoholic beverages per capita, as litres of pure alcohol";"714";"North Ostrobothnia";"17";"combined";2003;6.7;2557232
"Sale of alcoholic beverages per capita, as litres of pure alcohol";"714";"North Ostrobothnia";"17";"combined";2004;7.3;2795971
"Sale of alcoholic beverages per capita, as litres of pure alcohol";"714";"North Ostrobothnia";"17";"combined";2005;7.4;2863900
"Sale of alcoholic beverages per capita, as litres of pure alcohol";"714";"North Ostrobothnia";"17";"combined";2006;7.5;2915799
"Sale of alcoholic beverages per capita, as litres of pure alcohol";"714";"North Ostrobothnia";"17";"combined";2007;7.7;3012533
"Sale of alcoholic beverages per capita, as litres of pure alcohol";"714";"North Ostrobothnia";"17";"combined";2008;7.7;3005909
"Sale of alcoholic beverages per capita, as litres of pure alcohol";"714";"North Ostrobothnia";"17";"combined";2009;7.6;2989568
"Sale of alcoholic beverages per capita, as litres of pure alcohol";"714";"North Ostrobothnia";"17";"combined";2010;7.4;2939860
"Sale of alcoholic beverages per capita, as litres of pure alcohol";"714";"North Ostrobothnia";"17";"combined";2011;7.5;3016556
"Sale of alcoholic beverages per capita, as litres of pure alcohol";"714";"North Ostrobothnia";"17";"combined";2012;7.2;2897774
"Sale of alcoholic beverages per capita, as litres of pure alcohol";"714";"North Ostrobothnia";"17";"combined";2013;7.0;2858498
"Sale of alcoholic beverages per capita, as litres of pure alcohol";"714";"North Ostrobothnia";"17";"combined";2014;6.9;2802187
"Sale of alcoholic beverages per capita, as litres of pure alcohol";"714";"North Ostrobothnia";"17";"combined";2015;6.6;2724909
"Sale of alcoholic beverages per capita, as litres of pure alcohol";"714";"North Ostrobothnia";"17";"combined";2016;6.6;2715804
"Sale of alcoholic beverages per capita, as litres of pure alcohol";"714";"North Ostrobothnia";"17";"combined";2017;6.5;2687388
"Sale of alcoholic beverages per capita, as litres of pure alcohol";"714";"North Ostrobothnia";"17";"combined";2018;6.6;2703220
"Sale of alcoholic beverages per capita, as litres of pure alcohol";"714";"North Ostrobothnia";"17";"combined";2019;6.4;2639606
"Sale of alcoholic beverages per capita, as litres of pure alcohol";"714";"North Ostrobothnia";"17";"combined";2020;6.4;2666448
"Sale of alcoholic beverages per capita, as litres of pure alcohol";"714";"North Ostrobothnia";"17";"combined";2021;6.4;2669555
"Sale of alcoholic beverages per capita, as litres of pure alcohol";"714";"North Ostrobothnia";"17";"combined";2022;6.1;2524058
"Sale of alcoholic beverages per capita, as litres of pure alcohol";"714";"North Ostrobothnia";"17";"combined";2023;5.9;2477425
"Sale of alcoholic beverages per capita, as litres of pure alcohol";"714";"North Savo";"11";"combined";1990;7.3;1939744
"Sale of alcoholic beverages per capita, as litres of pure alcohol";"714";"North Savo";"11";"combined";1991;7.2;1909600
"Sale of alcoholic beverages per capita, as litres of pure alcohol";"714";"North Savo";"11";"combined";1992;7.0;1855787
"Sale of alcoholic beverages per capita, as litres of pure alcohol";"714";"North Savo";"11";"combined";1993;6.6;1763619
"Sale of alcoholic beverages per capita, as litres of pure alcohol";"714";"North Savo";"11";"combined";1994;6.5;1734425
"Sale of alcoholic beverages per capita, as litres of pure alcohol";"714";"North Savo";"11";"combined";1995;6.8;1821580
"Sale of alcoholic beverages per capita, as litres of pure alcohol";"714";"North Savo";"11";"combined";1996;6.9;1827419
"Sale of alcoholic beverages per capita, as litres of pure alcohol";"714";"North Savo";"11";"combined";1997;7.1;1877076
"Sale of alcoholic beverages per capita, as litres of pure alcohol";"714";"North Savo";"11";"combined";1998;7.0;1830339
"Sale of alcoholic beverages per capita, as litres of pure alcohol";"714";"North Savo";"11";"combined";1999;7.0;1826922
"Sale of alcoholic beverages per capita, as litres of pure alcohol";"714";"North Savo";"11";"combined";2000;6.9;1802064
"Sale of alcoholic beverages per capita, as litres of pure alcohol";"714";"North Savo";"11";"combined";2001;7.3;1878112
"Sale of alcoholic beverages per capita, as litres of pure alcohol";"714";"North Savo";"11";"combined";2002;7.5;1931794
"Sale of alcoholic beverages per capita, as litres of pure alcohol";"714";"North Savo";"11";"combined";2003;7.6;1949931
"Sale of alcoholic beverages per capita, as litres of pure alcohol";"714";"North Savo";"11";"combined";2004;8.1;2090549
"Sale of alcoholic beverages per capita, as litres of pure alcohol";"714";"North Savo";"11";"combined";2005;8.3;2133873
"Sale of alcoholic beverages per capita, as litres of pure alcohol";"714";"North Savo";"11";"combined";2006;8.6;2188784
"Sale of alcoholic beverages per capita, as litres of pure alcohol";"714";"North Savo";"11";"combined";2007;8.9;2266121
"Sale of alcoholic beverages per capita, as litres of pure alcohol";"714";"North Savo";"11";"combined";2008;8.8;2229803
"Sale of alcoholic beverages per capita, as litres of pure alcohol";"714";"North Savo";"11";"combined";2009;8.6;2186720
"Sale of alcoholic beverages per capita, as litres of pure alcohol";"714";"North Savo";"11";"combined";2010;8.5;2155847
"Sale of alcoholic beverages per capita, as litres of pure alcohol";"714";"North Savo";"11";"combined";2011;8.6;2178532
"Sale of alcoholic beverages per capita, as litres of pure alcohol";"714";"North Savo";"11";"combined";2012;8.2;2069922
"Sale of alcoholic beverages per capita, as litres of pure alcohol";"714";"North Savo";"11";"combined";2013;8.1;2055065
"Sale of alcoholic beverages per capita, as litres of pure alcohol";"714";"North Savo";"11";"combined";2014;7.8;1985373
"Sale of alcoholic beverages per capita, as litres of pure alcohol";"714";"North Savo";"11";"combined";2015;7.6;1930247
"Sale of alcoholic beverages per capita, as litres of pure alcohol";"714";"North Savo";"11";"combined";2016;7.6;1917567
"Sale of alcoholic beverages per capita, as litres of pure alcohol";"714";"North Savo";"11";"combined";2017;7.4;1864699
"Sale of alcoholic beverages per capita, as litres of pure alcohol";"714";"North Savo";"11";"combined";2018;7.2;1805337
"Sale of alcoholic beverages per capita, as litres of pure alcohol";"714";"North Savo";"11";"combined";2019;7.4;1835947
"Sale of alcoholic beverages per capita, as litres of pure alcohol";"714";"North Savo";"11";"combined";2020;7.5;1852922
"Sale of alcoholic beverages per capita, as litres of pure alcohol";"714";"North Savo";"11";"combined";2021;7.6;1878164
"Sale of alcoholic beverages per capita, as litres of pure alcohol";"714";"North Savo";"11";"combined";2022;6.9;1709976
"Sale of alcoholic beverages per capita, as litres of pure alcohol";"714";"North Savo";"11";"combined";2023;6.9;1718796
"Sale of alcoholic beverages per capita, as litres of pure alcohol";"714";"Ostrobothnia";"15";"combined";1990;4.2;699147
"Sale of alcoholic beverages per capita, as litres of pure alcohol";"714";"Ostrobothnia";"15";"combined";1991;4.1;686472
"Sale of alcoholic beverages per capita, as litres of pure alcohol";"714";"Ostrobothnia";"15";"combined";1992;4.0;673893
"Sale of alcoholic beverages per capita, as litres of pure alcohol";"714";"Ostrobothnia";"15";"combined";1993;4.0;668648
"Sale of alcoholic beverages per capita, as litres of pure alcohol";"714";"Ostrobothnia";"15";"combined";1994;3.9;665179
"Sale of alcoholic beverages per capita, as litres of pure alcohol";"714";"Ostrobothnia";"15";"combined";1995;4.1;685208
"Sale of alcoholic beverages per capita, as litres of pure alcohol";"714";"Ostrobothnia";"15";"combined";1996;4.3;718632
"Sale of alcoholic beverages per capita, as litres of pure alcohol";"714";"Ostrobothnia";"15";"combined";1997;4.3;723973
"Sale of alcoholic beverages per capita, as litres of pure alcohol";"714";"Ostrobothnia";"15";"combined";1998;4.4;740300
"Sale of alcoholic beverages per capita, as litres of pure alcohol";"714";"Ostrobothnia";"15";"combined";1999;4.5;758738
"Sale of alcoholic beverages per capita, as litres of pure alcohol";"714";"Ostrobothnia";"15";"combined";2000;4.7;784974
"Sale of alcoholic beverages per capita, as litres of pure alcohol";"714";"Ostrobothnia";"15";"combined";2001;4.9;818964
"Sale of alcoholic beverages per capita, as litres of pure alcohol";"714";"Ostrobothnia";"15";"combined";2002;5.1;856406
"Sale of alcoholic beverages per capita, as litres of pure alcohol";"714";"Ostrobothnia";"15";"combined";2003;5.2;870515
"Sale of alcoholic beverages per capita, as litres of pure alcohol";"714";"Ostrobothnia";"15";"combined";2004;5.6;949851
"Sale of alcoholic beverages per capita, as litres of pure alcohol";"714";"Ostrobothnia";"15";"combined";2005;5.8;970555
"Sale of alcoholic beverages per capita, as litres of pure alcohol";"714";"Ostrobothnia";"15";"combined";2006;5.9;1006421
"Sale of alcoholic beverages per capita, as litres of pure alcohol";"714";"Ostrobothnia";"15";"combined";2007;6.2;1045987
"Sale of alcoholic beverages per capita, as litres of pure alcohol";"714";"Ostrobothnia";"15";"combined";2008;6.1;1047381
"Sale of alcoholic beverages per capita, as litres of pure alcohol";"714";"Ostrobothnia";"15";"combined";2009;6.1;1042601
"Sale of alcoholic beverages per capita, as litres of pure alcohol";"714";"Ostrobothnia";"15";"combined";2010;5.9;1023638
"Sale of alcoholic beverages per capita, as litres of pure alcohol";"714";"Ostrobothnia";"15";"combined";2011;6.0;1048898
"Sale of alcoholic beverages per capita, as litres of pure alcohol";"714";"Ostrobothnia";"15";"combined";2012;5.7;1003754
"Sale of alcoholic beverages per capita, as litres of pure alcohol";"714";"Ostrobothnia";"15";"combined";2013;5.7;1001292
"Sale of alcoholic beverages per capita, as litres of pure alcohol";"714";"Ostrobothnia";"15";"combined";2014;5.6;979425
"Sale of alcoholic beverages per capita, as litres of pure alcohol";"714";"Ostrobothnia";"15";"combined";2015;5.5;973840
"Sale of alcoholic beverages per capita, as litres of pure alcohol";"714";"Ostrobothnia";"15";"combined";2016;5.5;965160
"Sale of alcoholic beverages per capita, as litres of pure alcohol";"714";"Ostrobothnia";"15";"combined";2017;5.4;955516
"Sale of alcoholic beverages per capita, as litres of pure alcohol";"714";"Ostrobothnia";"15";"combined";2018;5.4;952668
"Sale of alcoholic beverages per capita, as litres of pure alcohol";"714";"Ostrobothnia";"15";"combined";2019;5.3;923853
"Sale of alcoholic beverages per capita, as litres of pure alcohol";"714";"Ostrobothnia";"15";"combined";2020;5.4;949750
"Sale of alcoholic beverages per capita, as litres of pure alcohol";"714";"Ostrobothnia";"15";"combined";2021;5.4;948140
"Sale of alcoholic beverages per capita, as litres of pure alcohol";"714";"Ostrobothnia";"15";"combined";2022;5.1;890933
"Sale of alcoholic beverages per capita, as litres of pure alcohol";"714";"Ostrobothnia";"15";"combined";2023;5.0;885476
"Sale of alcoholic beverages per capita, as litres of pure alcohol";"714";"Pirkanmaa";"06";"combined";1990;7.7;3325532
"Sale of alcoholic beverages per capita, as litres of pure alcohol";"714";"Pirkanmaa";"06";"combined";1991;7.5;3235928
"Sale of alcoholic beverages per capita, as litres of pure alcohol";"714";"Pirkanmaa";"06";"combined";1992;7.2;3111593
"Sale of alcoholic beverages per capita, as litres of pure alcohol";"714";"Pirkanmaa";"06";"combined";1993;6.8;2954600
"Sale of alcoholic beverages per capita, as litres of pure alcohol";"714";"Pirkanmaa";"06";"combined";1994;6.6;2899800
"Sale of alcoholic beverages per capita, as litres of pure alcohol";"714";"Pirkanmaa";"06";"combined";1995;6.9;3040923
"Sale of alcoholic beverages per capita, as litres of pure alcohol";"714";"Pirkanmaa";"06";"combined";1996;7.0;3087911
"Sale of alcoholic beverages per capita, as litres of pure alcohol";"714";"Pirkanmaa";"06";"combined";1997;7.1;3142972
"Sale of alcoholic beverages per capita, as litres of pure alcohol";"714";"Pirkanmaa";"06";"combined";1998;7.2;3226855
"Sale of alcoholic beverages per capita, as litres of pure alcohol";"714";"Pirkanmaa";"06";"combined";1999;7.2;3246894
"Sale of alcoholic beverages per capita, as litres of pure alcohol";"714";"Pirkanmaa";"06";"combined";2000;7.2;3260076
"Sale of alcoholic beverages per capita, as litres of pure alcohol";"714";"Pirkanmaa";"06";"combined";2001;7.5;3417233
"Sale of alcoholic beverages per capita, as litres of pure alcohol";"714";"Pirkanmaa";"06";"combined";2002;7.7;3559958
"Sale of alcoholic beverages per capita, as litres of pure alcohol";"714";"Pirkanmaa";"06";"combined";2003;7.8;3607501
"Sale of alcoholic beverages per capita, as litres of pure alcohol";"714";"Pirkanmaa";"06";"combined";2004;8.2;3833127
"Sale of alcoholic beverages per capita, as litres of pure alcohol";"714";"Pirkanmaa";"06";"combined";2005;8.2;3867146
"Sale of alcoholic beverages per capita, as litres of pure alcohol";"714";"Pirkanmaa";"06";"combined";2006;8.4;3984333
"Sale of alcoholic beverages per capita, as litres of pure alcohol";"714";"Pirkanmaa";"06";"combined";2007;8.6;4146990
"Sale of alcoholic beverages per capita, as litres of pure alcohol";"714";"Pirkanmaa";"06";"combined";2008;8.5;4116667
"Sale of alcoholic beverages per capita, as litres of pure alcohol";"714";"Pirkanmaa";"06";"combined";2009;8.2;4020209
"Sale of alcoholic beverages per capita, as litres of pure alcohol";"714";"Pirkanmaa";"06";"combined";2010;8.0;3932638
"Sale of alcoholic beverages per capita, as litres of pure alcohol";"714";"Pirkanmaa";"06";"combined";2011;8.0;3972876
"Sale of alcoholic beverages per capita, as litres of pure alcohol";"714";"Pirkanmaa";"06";"combined";2012;7.6;3780570
"Sale of alcoholic beverages per capita, as litres of pure alcohol";"714";"Pirkanmaa";"06";"combined";2013;7.4;3695322
"Sale of alcoholic beverages per capita, as litres of pure alcohol";"714";"Pirkanmaa";"06";"combined";2014;7.2;3627142
"Sale of alcoholic beverages per capita, as litres of pure alcohol";"714";"Pirkanmaa";"06";"combined";2015;7.0;3561555
"Sale of alcoholic beverages per capita, as litres of pure alcohol";"714";"Pirkanmaa";"06";"combined";2016;6.9;3547940
"Sale of alcoholic beverages per capita, as litres of pure alcohol";"714";"Pirkanmaa";"06";"combined";2017;6.9;3555340
"Sale of alcoholic beverages per capita, as litres of pure alcohol";"714";"Pirkanmaa";"06";"combined";2018;7.0;3617514
"Sale of alcoholic beverages per capita, as litres of pure alcohol";"714";"Pirkanmaa";"06";"combined";2019;6.8;3534350
"Sale of alcoholic beverages per capita, as litres of pure alcohol";"714";"Pirkanmaa";"06";"combined";2020;6.8;3565566
"Sale of alcoholic beverages per capita, as litres of pure alcohol";"714";"Pirkanmaa";"06";"combined";2021;6.8;3573474
"Sale of alcoholic beverages per capita, as litres of pure alcohol";"714";"Pirkanmaa";"06";"combined";2022;6.5;3443583
"Sale of alcoholic beverages per capita, as litres of pure alcohol";"714";"Pirkanmaa";"06";"combined";2023;6.3;3403249
"Sale of alcoholic beverages per capita, as litres of pure alcohol";"714";"Päijät-Häme";"07";"combined";1990;8.5;1749981
"Sale of alcoholic beverages per capita, as litres of pure alcohol";"714";"Päijät-Häme";"07";"combined";1991;8.2;1695923
"Sale of alcoholic beverages per capita, as litres of pure alcohol";"714";"Päijät-Häme";"07";"combined";1992;7.9;1633341
"Sale of alcoholic beverages per capita, as litres of pure alcohol";"714";"Päijät-Häme";"07";"combined";1993;7.3;1505870
"Sale of alcoholic beverages per capita, as litres of pure alcohol";"714";"Päijät-Häme";"07";"combined";1994;7.1;1454677
"Sale of alcoholic beverages per capita, as litres of pure alcohol";"714";"Päijät-Häme";"07";"combined";1995;7.2;1485966
"Sale of alcoholic beverages per capita, as litres of pure alcohol";"714";"Päijät-Häme";"07";"combined";1996;7.3;1501209
"Sale of alcoholic beverages per capita, as litres of pure alcohol";"714";"Päijät-Häme";"07";"combined";1997;7.5;1538051
"Sale of alcoholic beverages per capita, as litres of pure alcohol";"714";"Päijät-Häme";"07";"combined";1998;7.4;1525310
"Sale of alcoholic beverages per capita, as litres of pure alcohol";"714";"Päijät-Häme";"07";"combined";1999;7.4;1522894
"Sale of alcoholic beverages per capita, as litres of pure alcohol";"714";"Päijät-Häme";"07";"combined";2000;7.4;1517947
"Sale of alcoholic beverages per capita, as litres of pure alcohol";"714";"Päijät-Häme";"07";"combined";2001;7.8;1604378
"Sale of alcoholic beverages per capita, as litres of pure alcohol";"714";"Päijät-Häme";"07";"combined";2002;8.1;1665044
"Sale of alcoholic beverages per capita, as litres of pure alcohol";"714";"Päijät-Häme";"07";"combined";2003;8.3;1704478
"Sale of alcoholic beverages per capita, as litres of pure alcohol";"714";"Päijät-Häme";"07";"combined";2004;8.7;1799813
"Sale of alcoholic beverages per capita, as litres of pure alcohol";"714";"Päijät-Häme";"07";"combined";2005;8.8;1819339
"Sale of alcoholic beverages per capita, as litres of pure alcohol";"714";"Päijät-Häme";"07";"combined";2006;9.0;1861146
"Sale of alcoholic beverages per capita, as litres of pure alcohol";"714";"Päijät-Häme";"07";"combined";2007;9.3;1930497
"Sale of alcoholic beverages per capita, as litres of pure alcohol";"714";"Päijät-Häme";"07";"combined";2008;9.2;1906053
"Sale of alcoholic beverages per capita, as litres of pure alcohol";"714";"Päijät-Häme";"07";"combined";2009;9.0;1871747
"Sale of alcoholic beverages per capita, as litres of pure alcohol";"714";"Päijät-Häme";"07";"combined";2010;8.8;1836307
"Sale of alcoholic beverages per capita, as litres of pure alcohol";"714";"Päijät-Häme";"07";"combined";2011;8.9;1863948
"Sale of alcoholic beverages per capita, as litres of pure alcohol";"714";"Päijät-Häme";"07";"combined";2012;8.4;1749653
"Sale of alcoholic beverages per capita, as litres of pure alcohol";"714";"Päijät-Häme";"07";"combined";2013;8.2;1720637
"Sale of alcoholic beverages per capita, as litres of pure alcohol";"714";"Päijät-Häme";"07";"combined";2014;7.9;1648961
"Sale of alcoholic beverages per capita, as litres of pure alcohol";"714";"Päijät-Häme";"07";"combined";2015;7.8;1616502
"Sale of alcoholic beverages per capita, as litres of pure alcohol";"714";"Päijät-Häme";"07";"combined";2016;7.6;1594071
"Sale of alcoholic beverages per capita, as litres of pure alcohol";"714";"Päijät-Häme";"07";"combined";2017;7.7;1592326
"Sale of alcoholic beverages per capita, as litres of pure alcohol";"714";"Päijät-Häme";"07";"combined";2018;7.7;1590386
"Sale of alcoholic beverages per capita, as litres of pure alcohol";"714";"Päijät-Häme";"07";"combined";2019;7.5;1546876
"Sale of alcoholic beverages per capita, as litres of pure alcohol";"714";"Päijät-Häme";"07";"combined";2020;7.6;1571220
"Sale of alcoholic beverages per capita, as litres of pure alcohol";"714";"Päijät-Häme";"07";"combined";2021;7.8;1593972
"Sale of alcoholic beverages per capita, as litres of pure alcohol";"714";"Päijät-Häme";"07";"combined";2022;7.1;1446999
"Sale of alcoholic beverages per capita, as litres of pure alcohol";"714";"Päijät-Häme";"07";"combined";2023;7.0;1422132
"Sale of alcoholic beverages per capita, as litres of pure alcohol";"714";"Satakunta";"04";"combined";1990;7.1;1705777
"Sale of alcoholic beverages per capita, as litres of pure alcohol";"714";"Satakunta";"04";"combined";1991;6.9;1664471
"Sale of alcoholic beverages per capita, as litres of pure alcohol";"714";"Satakunta";"04";"combined";1992;6.7;1623752
"Sale of alcoholic beverages per capita, as litres of pure alcohol";"714";"Satakunta";"04";"combined";1993;6.3;1515290
"Sale of alcoholic beverages per capita, as litres of pure alcohol";"714";"Satakunta";"04";"combined";1994;6.2;1492060
"Sale of alcoholic beverages per capita, as litres of pure alcohol";"714";"Satakunta";"04";"combined";1995;6.4;1526770
"Sale of alcoholic beverages per capita, as litres of pure alcohol";"714";"Satakunta";"04";"combined";1996;6.4;1525262
"Sale of alcoholic beverages per capita, as litres of pure alcohol";"714";"Satakunta";"04";"combined";1997;6.5;1528401
"Sale of alcoholic beverages per capita, as litres of pure alcohol";"714";"Satakunta";"04";"combined";1998;6.6;1564863
"Sale of alcoholic beverages per capita, as litres of pure alcohol";"714";"Satakunta";"04";"combined";1999;6.8;1588173
"Sale of alcoholic beverages per capita, as litres of pure alcohol";"714";"Satakunta";"04";"combined";2000;6.8;1574950
"Sale of alcoholic beverages per capita, as litres of pure alcohol";"714";"Satakunta";"04";"combined";2001;7.1;1653844
"Sale of alcoholic beverages per capita, as litres of pure alcohol";"714";"Satakunta";"04";"combined";2002;7.4;1715284
"Sale of alcoholic beverages per capita, as litres of pure alcohol";"714";"Satakunta";"04";"combined";2003;7.5;1732675
"Sale of alcoholic beverages per capita, as litres of pure alcohol";"714";"Satakunta";"04";"combined";2004;8.2;1874648
"Sale of alcoholic beverages per capita, as litres of pure alcohol";"714";"Satakunta";"04";"combined";2005;8.2;1873627
"Sale of alcoholic beverages per capita, as litres of pure alcohol";"714";"Satakunta";"04";"combined";2006;8.4;1926947
"Sale of alcoholic beverages per capita, as litres of pure alcohol";"714";"Satakunta";"04";"combined";2007;8.8;2000858
"Sale of alcoholic beverages per capita, as litres of pure alcohol";"714";"Satakunta";"04";"combined";2008;8.7;1975980
"Sale of alcoholic beverages per capita, as litres of pure alcohol";"714";"Satakunta";"04";"combined";2009;8.6;1936516
"Sale of alcoholic beverages per capita, as litres of pure alcohol";"714";"Satakunta";"04";"combined";2010;8.3;1870140
"Sale of alcoholic beverages per capita, as litres of pure alcohol";"714";"Satakunta";"04";"combined";2011;8.3;1867491
"Sale of alcoholic beverages per capita, as litres of pure alcohol";"714";"Satakunta";"04";"combined";2012;7.8;1753012
"Sale of alcoholic beverages per capita, as litres of pure alcohol";"714";"Satakunta";"04";"combined";2013;7.6;1715288
"Sale of alcoholic beverages per capita, as litres of pure alcohol";"714";"Satakunta";"04";"combined";2014;7.5;1671945
"Sale of alcoholic beverages per capita, as litres of pure alcohol";"714";"Satakunta";"04";"combined";2015;7.3;1630182
"Sale of alcoholic beverages per capita, as litres of pure alcohol";"714";"Satakunta";"04";"combined";2016;7.3;1615988
"Sale of alcoholic beverages per capita, as litres of pure alcohol";"714";"Satakunta";"04";"combined";2017;7.3;1611183
"Sale of alcoholic beverages per capita, as litres of pure alcohol";"714";"Satakunta";"04";"combined";2018;7.4;1612337
"Sale of alcoholic beverages per capita, as litres of pure alcohol";"714";"Satakunta";"04";"combined";2019;7.1;1542752
"Sale of alcoholic beverages per capita, as litres of pure alcohol";"714";"Satakunta";"04";"combined";2020;7.3;1579109
"Sale of alcoholic beverages per capita, as litres of pure alcohol";"714";"Satakunta";"04";"combined";2021;7.3;1555397
"Sale of alcoholic beverages per capita, as litres of pure alcohol";"714";"Satakunta";"04";"combined";2022;6.8;1452945
"Sale of alcoholic beverages per capita, as litres of pure alcohol";"714";"Satakunta";"04";"combined";2023;6.8;1445140
"Sale of alcoholic beverages per capita, as litres of pure alcohol";"714";"South Karelia";"09";"combined";1990;8.5;1198074
"Sale of alcoholic beverages per capita, as litres of pure alcohol";"714";"South Karelia";"09";"combined";1991;8.1;1137618
"Sale of alcoholic beverages per capita, as litres of pure alcohol";"714";"South Karelia";"09";"combined";1992;7.8;1096175
"Sale of alcoholic beverages per capita, as litres of pure alcohol";"714";"South Karelia";"09";"combined";1993;7.3;1019443
"Sale of alcoholic beverages per capita, as litres of pure alcohol";"714";"South Karelia";"09";"combined";1994;6.9;962024
"Sale of alcoholic beverages per capita, as litres of pure alcohol";"714";"South Karelia";"09";"combined";1995;6.2;856471
"Sale of alcoholic beverages per capita, as litres of pure alcohol";"714";"South Karelia";"09";"combined";1996;6.5;901161
"Sale of alcoholic beverages per capita, as litres of pure alcohol";"714";"South Karelia";"09";"combined";1997;7.1;975369
"Sale of alcoholic beverages per capita, as litres of pure alcohol";"714";"South Karelia";"09";"combined";1998;7.2;985183
"Sale of alcoholic beverages per capita, as litres of pure alcohol";"714";"South Karelia";"09";"combined";1999;7.2;976868
"Sale of alcoholic beverages per capita, as litres of pure alcohol";"714";"South Karelia";"09";"combined";2000;7.1;965335
"Sale of alcoholic beverages per capita, as litres of pure alcohol";"714";"South Karelia";"09";"combined";2001;7.6;1032738
"Sale of alcoholic beverages per capita, as litres of pure alcohol";"714";"South Karelia";"09";"combined";2002;7.9;1074701
"Sale of alcoholic beverages per capita, as litres of pure alcohol";"714";"South Karelia";"09";"combined";2003;8.0;1088923
"Sale of alcoholic beverages per capita, as litres of pure alcohol";"714";"South Karelia";"09";"combined";2004;8.6;1162911
"Sale of alcoholic beverages per capita, as litres of pure alcohol";"714";"South Karelia";"09";"combined";2005;8.8;1179806
"Sale of alcoholic beverages per capita, as litres of pure alcohol";"714";"South Karelia";"09";"combined";2006;9.0;1213226
"Sale of alcoholic beverages per capita, as litres of pure alcohol";"714";"South Karelia";"09";"combined";2007;9.5;1269192
"Sale of alcoholic beverages per capita, as litres of pure alcohol";"714";"South Karelia";"09";"combined";2008;9.3;1237707
"Sale of alcoholic beverages per capita, as litres of pure alcohol";"714";"South Karelia";"09";"combined";2009;9.2;1226974
"Sale of alcoholic beverages per capita, as litres of pure alcohol";"714";"South Karelia";"09";"combined";2010;9.1;1209534
"Sale of alcoholic beverages per capita, as litres of pure alcohol";"714";"South Karelia";"09";"combined";2011;9.4;1242849
"Sale of alcoholic beverages per capita, as litres of pure alcohol";"714";"South Karelia";"09";"combined";2012;8.8;1170618
"Sale of alcoholic beverages per capita, as litres of pure alcohol";"714";"South Karelia";"09";"combined";2013;9.0;1190620
"Sale of alcoholic beverages per capita, as litres of pure alcohol";"714";"South Karelia";"09";"combined";2014;8.5;1117762
"Sale of alcoholic beverages per capita, as litres of pure alcohol";"714";"South Karelia";"09";"combined";2015;8.2;1070615
"Sale of alcoholic beverages per capita, as litres of pure alcohol";"714";"South Karelia";"09";"combined";2016;8.1;1054828
"Sale of alcoholic beverages per capita, as litres of pure alcohol";"714";"South Karelia";"09";"combined";2017;8.2;1063188
"Sale of alcoholic beverages per capita, as litres of pure alcohol";"714";"South Karelia";"09";"combined";2018;8.1;1041403
"Sale of alcoholic beverages per capita, as litres of pure alcohol";"714";"South Karelia";"09";"combined";2019;8.0;1021104
"Sale of alcoholic beverages per capita, as litres of pure alcohol";"714";"South Karelia";"09";"combined";2020;8.3;1049469
"Sale of alcoholic beverages per capita, as litres of pure alcohol";"714";"South Karelia";"09";"combined";2021;8.2;1031194
"Sale of alcoholic beverages per capita, as litres of pure alcohol";"714";"South Karelia";"09";"combined";2022;7.6;948929
"Sale of alcoholic beverages per capita, as litres of pure alcohol";"714";"South Karelia";"09";"combined";2023;7.5;941214
"Sale of alcoholic beverages per capita, as litres of pure alcohol";"714";"South Ostrobothnia";"14";"combined";1990;4.9;1010020
"Sale of alcoholic beverages per capita, as litres of pure alcohol";"714";"South Ostrobothnia";"14";"combined";1991;4.8;993393
"Sale of alcoholic beverages per capita, as litres of pure alcohol";"714";"South Ostrobothnia";"14";"combined";1992;4.7;967801
"Sale of alcoholic beverages per capita, as litres of pure alcohol";"714";"South Ostrobothnia";"14";"combined";1993;4.4;918257
"Sale of alcoholic beverages per capita, as litres of pure alcohol";"714";"South Ostrobothnia";"14";"combined";1994;4.4;915167
"Sale of alcoholic beverages per capita, as litres of pure alcohol";"714";"South Ostrobothnia";"14";"combined";1995;4.7;976590
"Sale of alcoholic beverages per capita, as litres of pure alcohol";"714";"South Ostrobothnia";"14";"combined";1996;4.8;975091
"Sale of alcoholic beverages per capita, as litres of pure alcohol";"714";"South Ostrobothnia";"14";"combined";1997;4.9;996613
"Sale of alcoholic beverages per capita, as litres of pure alcohol";"714";"South Ostrobothnia";"14";"combined";1998;5.0;1019996
"Sale of alcoholic beverages per capita, as litres of pure alcohol";"714";"South Ostrobothnia";"14";"combined";1999;5.1;1033054
"Sale of alcoholic beverages per capita, as litres of pure alcohol";"714";"South Ostrobothnia";"14";"combined";2000;5.2;1044777
"Sale of alcoholic beverages per capita, as litres of pure alcohol";"714";"South Ostrobothnia";"14";"combined";2001;5.4;1079102
"Sale of alcoholic beverages per capita, as litres of pure alcohol";"714";"South Ostrobothnia";"14";"combined";2002;5.6;1124994
"Sale of alcoholic beverages per capita, as litres of pure alcohol";"714";"South Ostrobothnia";"14";"combined";2003;5.8;1155114
"Sale of alcoholic beverages per capita, as litres of pure alcohol";"714";"South Ostrobothnia";"14";"combined";2004;6.2;1243782
"Sale of alcoholic beverages per capita, as litres of pure alcohol";"714";"South Ostrobothnia";"14";"combined";2005;6.4;1279848
"Sale of alcoholic beverages per capita, as litres of pure alcohol";"714";"South Ostrobothnia";"14";"combined";2006;6.6;1308229
"Sale of alcoholic beverages per capita, as litres of pure alcohol";"714";"South Ostrobothnia";"14";"combined";2007;6.8;1348476
"Sale of alcoholic beverages per capita, as litres of pure alcohol";"714";"South Ostrobothnia";"14";"combined";2008;6.8;1345526
"Sale of alcoholic beverages per capita, as litres of pure alcohol";"714";"South Ostrobothnia";"14";"combined";2009;6.7;1335579
"Sale of alcoholic beverages per capita, as litres of pure alcohol";"714";"South Ostrobothnia";"14";"combined";2010;6.6;1303553
"Sale of alcoholic beverages per capita, as litres of pure alcohol";"714";"South Ostrobothnia";"14";"combined";2011;6.7;1324612
"Sale of alcoholic beverages per capita, as litres of pure alcohol";"714";"South Ostrobothnia";"14";"combined";2012;6.3;1251083
"Sale of alcoholic beverages per capita, as litres of pure alcohol";"714";"South Ostrobothnia";"14";"combined";2013;6.2;1239488
"Sale of alcoholic beverages per capita, as litres of pure alcohol";"714";"South Ostrobothnia";"14";"combined";2014;6.0;1198312
"Sale of alcoholic beverages per capita, as litres of pure alcohol";"714";"South Ostrobothnia";"14";"combined";2015;5.9;1164602
"Sale of alcoholic beverages per capita, as litres of pure alcohol";"714";"South Ostrobothnia";"14";"combined";2016;5.8;1148005
"Sale of alcoholic beverages per capita, as litres of pure alcohol";"714";"South Ostrobothnia";"14";"combined";2017;5.8;1137491
"Sale of alcoholic beverages per capita, as litres of pure alcohol";"714";"South Ostrobothnia";"14";"combined";2018;5.9;1140674
"Sale of alcoholic beverages per capita, as litres of pure alcohol";"714";"South Ostrobothnia";"14";"combined";2019;5.8;1122942
"Sale of alcoholic beverages per capita, as litres of pure alcohol";"714";"South Ostrobothnia";"14";"combined";2020;5.9;1134467
"Sale of alcoholic beverages per capita, as litres of pure alcohol";"714";"South Ostrobothnia";"14";"combined";2021;5.9;1133606
"Sale of alcoholic beverages per capita, as litres of pure alcohol";"714";"South Ostrobothnia";"14";"combined";2022;5.7;1079519
"Sale of alcoholic beverages per capita, as litres of pure alcohol";"714";"South Ostrobothnia";"14";"combined";2023;5.6;1072053
"Sale of alcoholic beverages per capita, as litres of pure alcohol";"714";"South Savo";"10";"combined";1990;8.2;1343897
"Sale of alcoholic beverages per capita, as litres of pure alcohol";"714";"South Savo";"10";"combined";1991;8.1;1316198
"Sale of alcoholic beverages per capita, as litres of pure alcohol";"714";"South Savo";"10";"combined";1992;7.9;1285426
"Sale of alcoholic beverages per capita, as litres of pure alcohol";"714";"South Savo";"10";"combined";1993;7.4;1212902
"Sale of alcoholic beverages per capita, as litres of pure alcohol";"714";"South Savo";"10";"combined";1994;7.3;1187847
"Sale of alcoholic beverages per capita, as litres of pure alcohol";"714";"South Savo";"10";"combined";1995;7.5;1218687
"Sale of alcoholic beverages per capita, as litres of pure alcohol";"714";"South Savo";"10";"combined";1996;7.4;1193648
"Sale of alcoholic beverages per capita, as litres of pure alcohol";"714";"South Savo";"10";"combined";1997;7.6;1222304
"Sale of alcoholic beverages per capita, as litres of pure alcohol";"714";"South Savo";"10";"combined";1998;7.8;1235958
"Sale of alcoholic beverages per capita, as litres of pure alcohol";"714";"South Savo";"10";"combined";1999;7.9;1237640
"Sale of alcoholic beverages per capita, as litres of pure alcohol";"714";"South Savo";"10";"combined";2000;7.9;1226061
"Sale of alcoholic beverages per capita, as litres of pure alcohol";"714";"South Savo";"10";"combined";2001;8.3;1283301
"Sale of alcoholic beverages per capita, as litres of pure alcohol";"714";"South Savo";"10";"combined";2002;8.7;1341281
"Sale of alcoholic beverages per capita, as litres of pure alcohol";"714";"South Savo";"10";"combined";2003;8.8;1346504
"Sale of alcoholic beverages per capita, as litres of pure alcohol";"714";"South Savo";"10";"combined";2004;9.3;1421545
"Sale of alcoholic beverages per capita, as litres of pure alcohol";"714";"South Savo";"10";"combined";2005;9.4;1429961
"Sale of alcoholic beverages per capita, as litres of pure alcohol";"714";"South Savo";"10";"combined";2006;9.7;1461550
"Sale of alcoholic beverages per capita, as litres of pure alcohol";"714";"South Savo";"10";"combined";2007;10.1;1498352
"Sale of alcoholic beverages per capita, as litres of pure alcohol";"714";"South Savo";"10";"combined";2008;9.9;1471013
"Sale of alcoholic beverages per capita, as litres of pure alcohol";"714";"South Savo";"10";"combined";2009;9.8;1445305
"Sale of alcoholic beverages per capita, as litres of pure alcohol";"714";"South Savo";"10";"combined";2010;9.7;1415507
"Sale of alcoholic beverages per capita, as litres of pure alcohol";"714";"South Savo";"10";"combined";2011;9.9;1432165
"Sale of alcoholic beverages per capita, as litres of pure alcohol";"714";"South Savo";"10";"combined";2012;9.3;1337344
"Sale of alcoholic beverages per capita, as litres of pure alcohol";"714";"South Savo";"10";"combined";2013;9.2;1321489
"Sale of alcoholic beverages per capita, as litres of pure alcohol";"714";"South Savo";"10";"combined";2014;8.9;1276645
"Sale of alcoholic beverages per capita, as litres of pure alcohol";"714";"South Savo";"10";"combined";2015;8.7;1236575
"Sale of alcoholic beverages per capita, as litres of pure alcohol";"714";"South Savo";"10";"combined";2016;8.7;1216052
"Sale of alcoholic beverages per capita, as litres of pure alcohol";"714";"South Savo";"10";"combined";2017;8.6;1200159
"Sale of alcoholic beverages per capita, as litres of pure alcohol";"714";"South Savo";"10";"combined";2018;8.7;1188758
"Sale of alcoholic beverages per capita, as litres of pure alcohol";"714";"South Savo";"10";"combined";2019;8.5;1145110
"Sale of alcoholic beverages per capita, as litres of pure alcohol";"714";"South Savo";"10";"combined";2020;9.0;1200660
"Sale of alcoholic beverages per capita, as litres of pure alcohol";"714";"South Savo";"10";"combined";2021;9.0;1191610
"Sale of alcoholic beverages per capita, as litres of pure alcohol";"714";"South Savo";"10";"combined";2022;8.3;1077663
"Sale of alcoholic beverages per capita, as litres of pure alcohol";"714";"South Savo";"10";"combined";2023;8.2;1063128
"Sale of alcoholic beverages per capita, as litres of pure alcohol";"714";"Southwest Finland";"02";"combined";1990;7.5;3209094
"Sale of alcoholic beverages per capita, as litres of pure alcohol";"714";"Southwest Finland";"02";"combined";1991;7.4;3151107
"Sale of alcoholic beverages per capita, as litres of pure alcohol";"714";"Southwest Finland";"02";"combined";1992;7.2;3086573
"Sale of alcoholic beverages per capita, as litres of pure alcohol";"714";"Southwest Finland";"02";"combined";1993;6.8;2921434
"Sale of alcoholic beverages per capita, as litres of pure alcohol";"714";"Southwest Finland";"02";"combined";1994;6.7;2881392
"Sale of alcoholic beverages per capita, as litres of pure alcohol";"714";"Southwest Finland";"02";"combined";1995;6.7;2932339
"Sale of alcoholic beverages per capita, as litres of pure alcohol";"714";"Southwest Finland";"02";"combined";1996;6.8;2972274
"Sale of alcoholic beverages per capita, as litres of pure alcohol";"714";"Southwest Finland";"02";"combined";1997;6.9;3014903
"Sale of alcoholic beverages per capita, as litres of pure alcohol";"714";"Southwest Finland";"02";"combined";1998;6.9;3055703
"Sale of alcoholic beverages per capita, as litres of pure alcohol";"714";"Southwest Finland";"02";"combined";1999;7.1;3143292
"Sale of alcoholic beverages per capita, as litres of pure alcohol";"714";"Southwest Finland";"02";"combined";2000;7.1;3156393
"Sale of alcoholic beverages per capita, as litres of pure alcohol";"714";"Southwest Finland";"02";"combined";2001;7.4;3310702
"Sale of alcoholic beverages per capita, as litres of pure alcohol";"714";"Southwest Finland";"02";"combined";2002;7.6;3439029
"Sale of alcoholic beverages per capita, as litres of pure alcohol";"714";"Southwest Finland";"02";"combined";2003;7.6;3455874
"Sale of alcoholic beverages per capita, as litres of pure alcohol";"714";"Southwest Finland";"02";"combined";2004;8.2;3712608
"Sale of alcoholic beverages per capita, as litres of pure alcohol";"714";"Southwest Finland";"02";"combined";2005;8.2;3748469
"Sale of alcoholic beverages per capita, as litres of pure alcohol";"714";"Southwest Finland";"02";"combined";2006;8.4;3866124
"Sale of alcoholic beverages per capita, as litres of pure alcohol";"714";"Southwest Finland";"02";"combined";2007;8.7;4006045
"Sale of alcoholic beverages per capita, as litres of pure alcohol";"714";"Southwest Finland";"02";"combined";2008;8.6;3950359
"Sale of alcoholic beverages per capita, as litres of pure alcohol";"714";"Southwest Finland";"02";"combined";2009;8.4;3880476
"Sale of alcoholic beverages per capita, as litres of pure alcohol";"714";"Southwest Finland";"02";"combined";2010;8.1;3774422
"Sale of alcoholic beverages per capita, as litres of pure alcohol";"714";"Southwest Finland";"02";"combined";2011;8.2;3833042
"Sale of alcoholic beverages per capita, as litres of pure alcohol";"714";"Southwest Finland";"02";"combined";2012;7.7;3616402
"Sale of alcoholic beverages per capita, as litres of pure alcohol";"714";"Southwest Finland";"02";"combined";2013;7.6;3576329
"Sale of alcoholic beverages per capita, as litres of pure alcohol";"714";"Southwest Finland";"02";"combined";2014;7.4;3474833
"Sale of alcoholic beverages per capita, as litres of pure alcohol";"714";"Southwest Finland";"02";"combined";2015;7.2;3405958
"Sale of alcoholic beverages per capita, as litres of pure alcohol";"714";"Southwest Finland";"02";"combined";2016;7.1;3386884
"Sale of alcoholic beverages per capita, as litres of pure alcohol";"714";"Southwest Finland";"02";"combined";2017;7.1;3371035
"Sale of alcoholic beverages per capita, as litres of pure alcohol";"714";"Southwest Finland";"02";"combined";2018;7.1;3401951
"Sale of alcoholic beverages per capita, as litres of pure alcohol";"714";"Southwest Finland";"02";"combined";2019;7.0;3333800
"Sale of alcoholic beverages per capita, as litres of pure alcohol";"714";"Southwest Finland";"02";"combined";2020;7.1;3435151
"Sale of alcoholic beverages per capita, as litres of pure alcohol";"714";"Southwest Finland";"02";"combined";2021;7.0;3389784
"Sale of alcoholic beverages per capita, as litres of pure alcohol";"714";"Southwest Finland";"02";"combined";2022;6.5;3167485
"Sale of alcoholic beverages per capita, as litres of pure alcohol";"714";"Southwest Finland";"02";"combined";2023;6.4;3161909
"Sale of alcoholic beverages per capita, as litres of pure alcohol";"714";"Uusimaa";"01";"combined";1990;9.1;11259197
"Sale of alcoholic beverages per capita, as litres of pure alcohol";"714";"Uusimaa";"01";"combined";1991;8.7;10814646
"Sale of alcoholic beverages per capita, as litres of pure alcohol";"714";"Uusimaa";"01";"combined";1992;8.2;10368589
"Sale of alcoholic beverages per capita, as litres of pure alcohol";"714";"Uusimaa";"01";"combined";1993;7.7;9855097
"Sale of alcoholic beverages per capita, as litres of pure alcohol";"714";"Uusimaa";"01";"combined";1994;7.4;9597101
"Sale of alcoholic beverages per capita, as litres of pure alcohol";"714";"Uusimaa";"01";"combined";1995;7.5;9832819
"Sale of alcoholic beverages per capita, as litres of pure alcohol";"714";"Uusimaa";"01";"combined";1996;7.6;10058793
"Sale of alcoholic beverages per capita, as litres of pure alcohol";"714";"Uusimaa";"01";"combined";1997;7.8;10462822
"Sale of alcoholic beverages per capita, as litres of pure alcohol";"714";"Uusimaa";"01";"combined";1998;7.8;10620950
"Sale of alcoholic beverages per capita, as litres of pure alcohol";"714";"Uusimaa";"01";"combined";1999;7.9;10853347
"Sale of alcoholic beverages per capita, as litres of pure alcohol";"714";"Uusimaa";"01";"combined";2000;7.8;10914058
"Sale of alcoholic beverages per capita, as litres of pure alcohol";"714";"Uusimaa";"01";"combined";2001;8.1;11372468
"Sale of alcoholic beverages per capita, as litres of pure alcohol";"714";"Uusimaa";"01";"combined";2002;8.2;11702624
"Sale of alcoholic beverages per capita, as litres of pure alcohol";"714";"Uusimaa";"01";"combined";2003;8.2;11768358
"Sale of alcoholic beverages per capita, as litres of pure alcohol";"714";"Uusimaa";"01";"combined";2004;8.6;12308282
"Sale of alcoholic beverages per capita, as litres of pure alcohol";"714";"Uusimaa";"01";"combined";2005;8.5;12397513
"Sale of alcoholic beverages per capita, as litres of pure alcohol";"714";"Uusimaa";"01";"combined";2006;8.6;12672281
"Sale of alcoholic beverages per capita, as litres of pure alcohol";"714";"Uusimaa";"01";"combined";2007;8.8;13110618
"Sale of alcoholic beverages per capita, as litres of pure alcohol";"714";"Uusimaa";"01";"combined";2008;8.6;12912342
"Sale of alcoholic beverages per capita, as litres of pure alcohol";"714";"Uusimaa";"01";"combined";2009;8.2;12520273
"Sale of alcoholic beverages per capita, as litres of pure alcohol";"714";"Uusimaa";"01";"combined";2010;8.1;12382624
"Sale of alcoholic beverages per capita, as litres of pure alcohol";"714";"Uusimaa";"01";"combined";2011;8.1;12550726
"Sale of alcoholic beverages per capita, as litres of pure alcohol";"714";"Uusimaa";"01";"combined";2012;7.7;12013543
"Sale of alcoholic beverages per capita, as litres of pure alcohol";"714";"Uusimaa";"01";"combined";2013;7.4;11716114
"Sale of alcoholic beverages per capita, as litres of pure alcohol";"714";"Uusimaa";"01";"combined";2014;7.1;11326170
"Sale of alcoholic beverages per capita, as litres of pure alcohol";"714";"Uusimaa";"01";"combined";2015;6.8;11088590
"Sale of alcoholic beverages per capita, as litres of pure alcohol";"714";"Uusimaa";"01";"combined";2016;6.7;11026300
"Sale of alcoholic beverages per capita, as litres of pure alcohol";"714";"Uusimaa";"01";"combined";2017;6.7;11064560
"Sale of alcoholic beverages per capita, as litres of pure alcohol";"714";"Uusimaa";"01";"combined";2018;6.7;11153227
"Sale of alcoholic beverages per capita, as litres of pure alcohol";"714";"Uusimaa";"01";"combined";2019;6.5;10971381
"Sale of alcoholic beverages per capita, as litres of pure alcohol";"714";"Uusimaa";"01";"combined";2020;6.4;10815397
"Sale of alcoholic beverages per capita, as litres of pure alcohol";"714";"Uusimaa";"01";"combined";2021;6.3;10770487
"Sale of alcoholic beverages per capita, as litres of pure alcohol";"714";"Uusimaa";"01";"combined";2022;6.0;10355947
"Sale of alcoholic beverages per capita, as litres of pure alcohol";"714";"Uusimaa";"01";"combined";2023;5.8;10147416
"Sale of alcoholic beverages per capita, as litres of pure alcohol";"714";"Åland";"21";"combined";1990;5.5;136291
"Sale of alcoholic beverages per capita, as litres of pure alcohol";"714";"Åland";"21";"combined";1991;5.6;140104
"Sale of alcoholic beverages per capita, as litres of pure alcohol";"714";"Åland";"21";"combined";1992;5.5;137329
"Sale of alcoholic beverages per capita, as litres of pure alcohol";"714";"Åland";"21";"combined";1993;5.3;133389
"Sale of alcoholic beverages per capita, as litres of pure alcohol";"714";"Åland";"21";"combined";1994;5.3;133993
"Sale of alcoholic beverages per capita, as litres of pure alcohol";"714";"Åland";"21";"combined";1995;4.7;118386
"Sale of alcoholic beverages per capita, as litres of pure alcohol";"714";"Åland";"21";"combined";1996;4.7;118465
"Sale of alcoholic beverages per capita, as litres of pure alcohol";"714";"Åland";"21";"combined";1997;4.8;121083
"Sale of alcoholic beverages per capita, as litres of pure alcohol";"714";"Åland";"21";"combined";1998;4.8;123356
"Sale of alcoholic beverages per capita, as litres of pure alcohol";"714";"Åland";"21";"combined";1999;5.0;129377
"Sale of alcoholic beverages per capita, as litres of pure alcohol";"714";"Åland";"21";"combined";2000;5.0;128383
"Sale of alcoholic beverages per capita, as litres of pure alcohol";"714";"Åland";"21";"combined";2001;5.1;132622
"Sale of alcoholic beverages per capita, as litres of pure alcohol";"714";"Åland";"21";"combined";2002;5.2;136468
"Sale of alcoholic beverages per capita, as litres of pure alcohol";"714";"Åland";"21";"combined";2003;5.3;138772
"Sale of alcoholic beverages per capita, as litres of pure alcohol";"714";"Åland";"21";"combined";2004;5.5;144810
"Sale of alcoholic beverages per capita, as litres of pure alcohol";"714";"Åland";"21";"combined";2005;5.5;146921
"Sale of alcoholic beverages per capita, as litres of pure alcohol";"714";"Åland";"21";"combined";2006;5.7;153852
"Sale of alcoholic beverages per capita, as litres of pure alcohol";"714";"Åland";"21";"combined";2007;5.9;159721
"Sale of alcoholic beverages per capita, as litres of pure alcohol";"714";"Åland";"21";"combined";2008;5.7;157766
"Sale of alcoholic beverages per capita, as litres of pure alcohol";"714";"Åland";"21";"combined";2009;5.8;160343
"Sale of alcoholic beverages per capita, as litres of pure alcohol";"714";"Åland";"21";"combined";2010;5.7;160095
"Sale of alcoholic beverages per capita, as litres of pure alcohol";"714";"Åland";"21";"combined";2011;5.9;168672
"Sale of alcoholic beverages per capita, as litres of pure alcohol";"714";"Åland";"21";"combined";2012;5.6;158213
"Sale of alcoholic beverages per capita, as litres of pure alcohol";"714";"Åland";"21";"combined";2013;5.7;163605
"Sale of alcoholic beverages per capita, as litres of pure alcohol";"714";"Åland";"21";"combined";2014;5.5;159065
"Sale of alcoholic beverages per capita, as litres of pure alcohol";"714";"Åland";"21";"combined";2015;5.4;156587
"Sale of alcoholic beverages per capita, as litres of pure alcohol";"714";"Åland";"21";"combined";2016;5.4;158717
"Sale of alcoholic beverages per capita, as litres of pure alcohol";"714";"Åland";"21";"combined";2017;5.4;158311
"Sale of alcoholic beverages per capita, as litres of pure alcohol";"714";"Åland";"21";"combined";2018;5.2;156153
"Sale of alcoholic beverages per capita, as litres of pure alcohol";"714";"Åland";"21";"combined";2019;5.0;150149
"Sale of alcoholic beverages per capita, as litres of pure alcohol";"714";"Åland";"21";"combined";2020;6.2;188200
"Sale of alcoholic beverages per capita, as litres of pure alcohol";"714";"Åland";"21";"combined";2021;6.3;189717
"Sale of alcoholic beverages per capita, as litres of pure alcohol";"714";"Åland";"21";"combined";2022;5.4;164764
"Sale of alcoholic beverages per capita, as litres of pure alcohol";"714";"Åland";"21";"combined";2023;5.2;159716
