,region,year,sex,length of education per person
0,Central Finland,1990,combined,215.1
1,Central Finland,1990,female,208.0
2,Central Finland,1990,male,222.6
3,Central Finland,1991,combined,220.4
4,Central Finland,1991,female,214.2
5,Central Finland,1991,male,227.0
6,Central Finland,1992,combined,225.7
7,Central Finland,1992,female,220.4
8,Central Finland,1992,male,231.3
9,Central Finland,1993,combined,231.3
10,Central Finland,1993,female,226.9
11,Central Finland,1993,male,236.0
12,Central Finland,1994,combined,236.4
13,Central Finland,1994,female,233.0
14,Central Finland,1994,male,240.0
15,Central Finland,1995,combined,241.9
16,Central Finland,1995,female,239.1
17,Central Finland,1995,male,244.8
18,Central Finland,1996,combined,247.4
19,Central Finland,1996,female,245.4
20,Central Finland,1996,male,249.4
21,Central Finland,1997,combined,253.0
22,Central Finland,1997,female,251.8
23,Central Finland,1997,male,254.3
24,Central Finland,1998,combined,258.8
25,Central Finland,1998,female,258.5
26,Central Finland,1998,male,259.2
27,Central Finland,1999,combined,264.3
28,Central Finland,1999,female,264.6
29,Central Finland,1999,male,263.9
30,Central Finland,2000,combined,269.9
31,Central Finland,2000,female,271.1
32,Central Finland,2000,male,268.5
33,Central Finland,2001,combined,275.6
34,Central Finland,2001,female,277.5
35,Central Finland,2001,male,273.7
36,Central Finland,2002,combined,280.7
37,Central Finland,2002,female,282.8
38,Central Finland,2002,male,278.5
39,Central Finland,2003,combined,287.1
40,Central Finland,2003,female,290.0
41,Central Finland,2003,male,284.0
42,Central Finland,2004,combined,293.2
43,Central Finland,2004,female,297.0
44,Central Finland,2004,male,289.1
45,Central Finland,2005,combined,298.0
46,Central Finland,2005,female,302.6
47,Central Finland,2005,male,293.1
48,Central Finland,2006,combined,303.1
49,Central Finland,2006,female,308.8
50,Central Finland,2006,male,297.1
51,Central Finland,2007,combined,309.6
52,Central Finland,2007,female,316.1
53,Central Finland,2007,male,302.7
54,Central Finland,2008,combined,316.1
55,Central Finland,2008,female,324.2
56,Central Finland,2008,male,307.7
57,Central Finland,2009,combined,321.2
58,Central Finland,2009,female,330.3
59,Central Finland,2009,male,311.6
60,Central Finland,2010,combined,326.4
61,Central Finland,2010,female,336.4
62,Central Finland,2010,male,316.0
63,Central Finland,2011,combined,332.0
64,Central Finland,2011,female,343.2
65,Central Finland,2011,male,320.4
66,Central Finland,2012,combined,337.2
67,Central Finland,2012,female,349.5
68,Central Finland,2012,male,324.5
69,Central Finland,2013,combined,343.1
70,Central Finland,2013,female,356.1
71,Central Finland,2013,male,329.6
72,Central Finland,2014,combined,348.3
73,Central Finland,2014,female,362.1
74,Central Finland,2014,male,334.0
75,Central Finland,2015,combined,351.8
76,Central Finland,2015,female,366.7
77,Central Finland,2015,male,336.5
78,Central Finland,2016,combined,356.5
79,Central Finland,2016,female,372.3
80,Central Finland,2016,male,340.3
81,Central Finland,2017,combined,362.6
82,Central Finland,2017,female,379.4
83,Central Finland,2017,male,345.3
84,Central Finland,2018,combined,369.3
85,Central Finland,2018,female,387.3
86,Central Finland,2018,male,350.7
87,Central Finland,2019,combined,373.5
88,Central Finland,2019,female,392.5
89,Central Finland,2019,male,354.0
90,Central Finland,2020,combined,378.4
91,Central Finland,2020,female,398.5
92,Central Finland,2020,male,357.9
93,Central Finland,2021,combined,383.0
94,Central Finland,2021,female,404.3
95,Central Finland,2021,male,361.2
96,Central Finland,2022,combined,387.2
97,Central Finland,2022,female,409.6
98,Central Finland,2022,male,364.4
99,Central Ostrobothnia,1990,combined,188.4
100,Central Ostrobothnia,1990,female,189.1
101,Central Ostrobothnia,1990,male,187.6
102,Central Ostrobothnia,1991,combined,193.6
103,Central Ostrobothnia,1991,female,194.7
104,Central Ostrobothnia,1991,male,192.5
105,Central Ostrobothnia,1992,combined,199.3
106,Central Ostrobothnia,1992,female,201.2
107,Central Ostrobothnia,1992,male,197.4
108,Central Ostrobothnia,1993,combined,205.2
109,Central Ostrobothnia,1993,female,208.2
110,Central Ostrobothnia,1993,male,202.0
111,Central Ostrobothnia,1994,combined,210.4
112,Central Ostrobothnia,1994,female,214.0
113,Central Ostrobothnia,1994,male,206.7
114,Central Ostrobothnia,1995,combined,215.4
115,Central Ostrobothnia,1995,female,220.3
116,Central Ostrobothnia,1995,male,210.4
117,Central Ostrobothnia,1996,combined,219.9
118,Central Ostrobothnia,1996,female,225.3
119,Central Ostrobothnia,1996,male,214.3
120,Central Ostrobothnia,1997,combined,225.0
121,Central Ostrobothnia,1997,female,230.8
122,Central Ostrobothnia,1997,male,218.8
123,Central Ostrobothnia,1998,combined,229.5
124,Central Ostrobothnia,1998,female,235.5
125,Central Ostrobothnia,1998,male,223.2
126,Central Ostrobothnia,1999,combined,233.7
127,Central Ostrobothnia,1999,female,240.7
128,Central Ostrobothnia,1999,male,226.4
129,Central Ostrobothnia,2000,combined,237.7
130,Central Ostrobothnia,2000,female,245.8
131,Central Ostrobothnia,2000,male,229.3
132,Central Ostrobothnia,2001,combined,242.4
133,Central Ostrobothnia,2001,female,251.3
134,Central Ostrobothnia,2001,male,233.1
135,Central Ostrobothnia,2002,combined,247.7
136,Central Ostrobothnia,2002,female,256.1
137,Central Ostrobothnia,2002,male,239.0
138,Central Ostrobothnia,2003,combined,253.3
139,Central Ostrobothnia,2003,female,262.3
140,Central Ostrobothnia,2003,male,243.9
141,Central Ostrobothnia,2004,combined,258.9
142,Central Ostrobothnia,2004,female,269.0
143,Central Ostrobothnia,2004,male,248.4
144,Central Ostrobothnia,2005,combined,264.3
145,Central Ostrobothnia,2005,female,275.7
146,Central Ostrobothnia,2005,male,252.5
147,Central Ostrobothnia,2006,combined,269.6
148,Central Ostrobothnia,2006,female,281.9
149,Central Ostrobothnia,2006,male,256.9
150,Central Ostrobothnia,2007,combined,274.9
151,Central Ostrobothnia,2007,female,287.8
152,Central Ostrobothnia,2007,male,261.5
153,Central Ostrobothnia,2008,combined,280.2
154,Central Ostrobothnia,2008,female,294.8
155,Central Ostrobothnia,2008,male,265.2
156,Central Ostrobothnia,2009,combined,285.6
157,Central Ostrobothnia,2009,female,301.0
158,Central Ostrobothnia,2009,male,269.6
159,Central Ostrobothnia,2010,combined,291.2
160,Central Ostrobothnia,2010,female,307.1
161,Central Ostrobothnia,2010,male,274.6
162,Central Ostrobothnia,2011,combined,296.2
163,Central Ostrobothnia,2011,female,313.4
164,Central Ostrobothnia,2011,male,278.3
165,Central Ostrobothnia,2012,combined,301.2
166,Central Ostrobothnia,2012,female,319.4
167,Central Ostrobothnia,2012,male,282.4
168,Central Ostrobothnia,2013,combined,306.9
169,Central Ostrobothnia,2013,female,325.6
170,Central Ostrobothnia,2013,male,287.7
171,Central Ostrobothnia,2014,combined,312.4
172,Central Ostrobothnia,2014,female,332.5
173,Central Ostrobothnia,2014,male,291.7
174,Central Ostrobothnia,2015,combined,316.4
175,Central Ostrobothnia,2015,female,338.3
176,Central Ostrobothnia,2015,male,293.9
177,Central Ostrobothnia,2016,combined,320.3
178,Central Ostrobothnia,2016,female,343.2
179,Central Ostrobothnia,2016,male,296.8
180,Central Ostrobothnia,2017,combined,325.7
181,Central Ostrobothnia,2017,female,349.3
182,Central Ostrobothnia,2017,male,301.5
183,Central Ostrobothnia,2018,combined,331.8
184,Central Ostrobothnia,2018,female,356.6
185,Central Ostrobothnia,2018,male,306.4
186,Central Ostrobothnia,2019,combined,336.6
187,Central Ostrobothnia,2019,female,362.1
188,Central Ostrobothnia,2019,male,310.4
189,Central Ostrobothnia,2020,combined,341.5
190,Central Ostrobothnia,2020,female,367.9
191,Central Ostrobothnia,2020,male,314.6
192,Central Ostrobothnia,2021,combined,346.5
193,Central Ostrobothnia,2021,female,373.3
194,Central Ostrobothnia,2021,male,319.3
195,Central Ostrobothnia,2022,combined,349.8
196,Central Ostrobothnia,2022,female,377.2
197,Central Ostrobothnia,2022,male,321.9
198,Kainuu,1990,combined,199.9
199,Kainuu,1990,female,197.6
200,Kainuu,1990,male,202.1
201,Kainuu,1991,combined,204.1
202,Kainuu,1991,female,202.1
203,Kainuu,1991,male,206.1
204,Kainuu,1992,combined,209.8
205,Kainuu,1992,female,208.8
206,Kainuu,1992,male,210.8
207,Kainuu,1993,combined,214.3
208,Kainuu,1993,female,214.2
209,Kainuu,1993,male,214.5
210,Kainuu,1994,combined,218.6
211,Kainuu,1994,female,219.2
212,Kainuu,1994,male,218.0
213,Kainuu,1995,combined,222.8
214,Kainuu,1995,female,224.4
215,Kainuu,1995,male,221.2
216,Kainuu,1996,combined,227.2
217,Kainuu,1996,female,229.3
218,Kainuu,1996,male,225.2
219,Kainuu,1997,combined,230.5
220,Kainuu,1997,female,233.1
221,Kainuu,1997,male,227.8
222,Kainuu,1998,combined,234.4
223,Kainuu,1998,female,237.8
224,Kainuu,1998,male,230.9
225,Kainuu,1999,combined,238.2
226,Kainuu,1999,female,242.1
227,Kainuu,1999,male,234.3
228,Kainuu,2000,combined,241.3
229,Kainuu,2000,female,245.9
230,Kainuu,2000,male,236.7
231,Kainuu,2001,combined,245.0
232,Kainuu,2001,female,250.5
233,Kainuu,2001,male,239.5
234,Kainuu,2002,combined,248.4
235,Kainuu,2002,female,254.0
236,Kainuu,2002,male,242.8
237,Kainuu,2003,combined,252.9
238,Kainuu,2003,female,258.9
239,Kainuu,2003,male,246.8
240,Kainuu,2004,combined,257.7
241,Kainuu,2004,female,264.6
242,Kainuu,2004,male,250.8
243,Kainuu,2005,combined,262.2
244,Kainuu,2005,female,269.4
245,Kainuu,2005,male,255.0
246,Kainuu,2006,combined,268.3
247,Kainuu,2006,female,276.2
248,Kainuu,2006,male,260.3
249,Kainuu,2007,combined,273.1
250,Kainuu,2007,female,282.0
251,Kainuu,2007,male,264.1
252,Kainuu,2008,combined,279.2
253,Kainuu,2008,female,289.2
254,Kainuu,2008,male,269.0
255,Kainuu,2009,combined,284.4
256,Kainuu,2009,female,295.2
257,Kainuu,2009,male,273.5
258,Kainuu,2010,combined,289.0
259,Kainuu,2010,female,300.5
260,Kainuu,2010,male,277.4
261,Kainuu,2011,combined,293.7
262,Kainuu,2011,female,305.9
263,Kainuu,2011,male,281.5
264,Kainuu,2012,combined,298.1
265,Kainuu,2012,female,310.7
266,Kainuu,2012,male,285.4
267,Kainuu,2013,combined,303.2
268,Kainuu,2013,female,316.0
269,Kainuu,2013,male,290.3
270,Kainuu,2014,combined,308.0
271,Kainuu,2014,female,322.0
272,Kainuu,2014,male,293.9
273,Kainuu,2015,combined,311.4
274,Kainuu,2015,female,327.2
275,Kainuu,2015,male,295.5
276,Kainuu,2016,combined,316.1
277,Kainuu,2016,female,332.9
278,Kainuu,2016,male,299.2
279,Kainuu,2017,combined,321.8
280,Kainuu,2017,female,339.5
281,Kainuu,2017,male,304.1
282,Kainuu,2018,combined,328.1
283,Kainuu,2018,female,347.2
284,Kainuu,2018,male,309.0
285,Kainuu,2019,combined,331.6
286,Kainuu,2019,female,351.5
287,Kainuu,2019,male,311.9
288,Kainuu,2020,combined,336.1
289,Kainuu,2020,female,357.6
290,Kainuu,2020,male,314.8
291,Kainuu,2021,combined,339.7
292,Kainuu,2021,female,362.8
293,Kainuu,2021,male,317.1
294,Kainuu,2022,combined,342.4
295,Kainuu,2022,female,367.1
296,Kainuu,2022,male,318.4
297,Kanta-Häme,1990,combined,210.4
298,Kanta-Häme,1990,female,198.0
299,Kanta-Häme,1990,male,224.0
300,Kanta-Häme,1991,combined,214.8
301,Kanta-Häme,1991,female,203.2
302,Kanta-Häme,1991,male,227.7
303,Kanta-Häme,1992,combined,219.4
304,Kanta-Häme,1992,female,208.4
305,Kanta-Häme,1992,male,231.6
306,Kanta-Häme,1993,combined,224.0
307,Kanta-Häme,1993,female,213.8
308,Kanta-Häme,1993,male,235.2
309,Kanta-Häme,1994,combined,229.0
310,Kanta-Häme,1994,female,219.4
311,Kanta-Häme,1994,male,239.5
312,Kanta-Häme,1995,combined,233.8
313,Kanta-Häme,1995,female,224.8
314,Kanta-Häme,1995,male,243.7
315,Kanta-Häme,1996,combined,238.4
316,Kanta-Häme,1996,female,230.3
317,Kanta-Häme,1996,male,247.2
318,Kanta-Häme,1997,combined,243.0
319,Kanta-Häme,1997,female,235.7
320,Kanta-Häme,1997,male,250.9
321,Kanta-Häme,1998,combined,247.7
322,Kanta-Häme,1998,female,241.4
323,Kanta-Häme,1998,male,254.6
324,Kanta-Häme,1999,combined,252.2
325,Kanta-Häme,1999,female,246.7
326,Kanta-Häme,1999,male,258.3
327,Kanta-Häme,2000,combined,256.8
328,Kanta-Häme,2000,female,252.4
329,Kanta-Häme,2000,male,261.7
330,Kanta-Häme,2001,combined,261.3
331,Kanta-Häme,2001,female,257.7
332,Kanta-Häme,2001,male,265.2
333,Kanta-Häme,2002,combined,265.7
334,Kanta-Häme,2002,female,262.8
335,Kanta-Häme,2002,male,268.8
336,Kanta-Häme,2003,combined,271.5
337,Kanta-Häme,2003,female,269.4
338,Kanta-Häme,2003,male,273.7
339,Kanta-Häme,2004,combined,276.8
340,Kanta-Häme,2004,female,275.8
341,Kanta-Häme,2004,male,278.0
342,Kanta-Häme,2005,combined,282.4
343,Kanta-Häme,2005,female,282.6
344,Kanta-Häme,2005,male,282.1
345,Kanta-Häme,2006,combined,287.7
346,Kanta-Häme,2006,female,289.2
347,Kanta-Häme,2006,male,286.1
348,Kanta-Häme,2007,combined,293.2
349,Kanta-Häme,2007,female,296.5
350,Kanta-Häme,2007,male,289.8
351,Kanta-Häme,2008,combined,298.5
352,Kanta-Häme,2008,female,303.3
353,Kanta-Häme,2008,male,293.4
354,Kanta-Häme,2009,combined,303.9
355,Kanta-Häme,2009,female,309.7
356,Kanta-Häme,2009,male,297.6
357,Kanta-Häme,2010,combined,308.5
358,Kanta-Häme,2010,female,315.4
359,Kanta-Häme,2010,male,301.0
360,Kanta-Häme,2011,combined,312.7
361,Kanta-Häme,2011,female,320.4
362,Kanta-Häme,2011,male,304.4
363,Kanta-Häme,2012,combined,316.8
364,Kanta-Häme,2012,female,326.0
365,Kanta-Häme,2012,male,306.9
366,Kanta-Häme,2013,combined,322.0
367,Kanta-Häme,2013,female,332.5
368,Kanta-Häme,2013,male,310.8
369,Kanta-Häme,2014,combined,325.8
370,Kanta-Häme,2014,female,337.3
371,Kanta-Häme,2014,male,313.7
372,Kanta-Häme,2015,combined,328.4
373,Kanta-Häme,2015,female,340.6
374,Kanta-Häme,2015,male,315.5
375,Kanta-Häme,2016,combined,332.1
376,Kanta-Häme,2016,female,345.3
377,Kanta-Häme,2016,male,318.2
378,Kanta-Häme,2017,combined,336.7
379,Kanta-Häme,2017,female,351.3
380,Kanta-Häme,2017,male,321.3
381,Kanta-Häme,2018,combined,342.3
382,Kanta-Häme,2018,female,358.3
383,Kanta-Häme,2018,male,325.5
384,Kanta-Häme,2019,combined,346.6
385,Kanta-Häme,2019,female,363.5
386,Kanta-Häme,2019,male,328.9
387,Kanta-Häme,2020,combined,350.5
388,Kanta-Häme,2020,female,368.2
389,Kanta-Häme,2020,male,332.0
390,Kanta-Häme,2021,combined,354.9
391,Kanta-Häme,2021,female,373.8
392,Kanta-Häme,2021,male,335.0
393,Kanta-Häme,2022,combined,358.2
394,Kanta-Häme,2022,female,378.7
395,Kanta-Häme,2022,male,336.7
396,Kymenlaakso,1990,combined,209.5
397,Kymenlaakso,1990,female,194.1
398,Kymenlaakso,1990,male,226.2
399,Kymenlaakso,1991,combined,213.8
400,Kymenlaakso,1991,female,199.0
401,Kymenlaakso,1991,male,229.7
402,Kymenlaakso,1992,combined,218.7
403,Kymenlaakso,1992,female,204.7
404,Kymenlaakso,1992,male,233.7
405,Kymenlaakso,1993,combined,223.2
406,Kymenlaakso,1993,female,209.9
407,Kymenlaakso,1993,male,237.4
408,Kymenlaakso,1994,combined,227.6
409,Kymenlaakso,1994,female,215.0
410,Kymenlaakso,1994,male,241.1
411,Kymenlaakso,1995,combined,232.0
412,Kymenlaakso,1995,female,220.2
413,Kymenlaakso,1995,male,244.6
414,Kymenlaakso,1996,combined,236.4
415,Kymenlaakso,1996,female,225.4
416,Kymenlaakso,1996,male,248.2
417,Kymenlaakso,1997,combined,240.4
418,Kymenlaakso,1997,female,230.4
419,Kymenlaakso,1997,male,251.2
420,Kymenlaakso,1998,combined,244.5
421,Kymenlaakso,1998,female,234.8
422,Kymenlaakso,1998,male,254.8
423,Kymenlaakso,1999,combined,247.9
424,Kymenlaakso,1999,female,239.2
425,Kymenlaakso,1999,male,257.2
426,Kymenlaakso,2000,combined,251.9
427,Kymenlaakso,2000,female,244.2
428,Kymenlaakso,2000,male,260.1
429,Kymenlaakso,2001,combined,255.5
430,Kymenlaakso,2001,female,248.8
431,Kymenlaakso,2001,male,262.7
432,Kymenlaakso,2002,combined,259.5
433,Kymenlaakso,2002,female,253.3
434,Kymenlaakso,2002,male,266.0
435,Kymenlaakso,2003,combined,263.9
436,Kymenlaakso,2003,female,258.7
437,Kymenlaakso,2003,male,269.3
438,Kymenlaakso,2004,combined,268.2
439,Kymenlaakso,2004,female,264.3
440,Kymenlaakso,2004,male,272.2
441,Kymenlaakso,2005,combined,272.6
442,Kymenlaakso,2005,female,270.0
443,Kymenlaakso,2005,male,275.3
444,Kymenlaakso,2006,combined,277.2
445,Kymenlaakso,2006,female,275.7
446,Kymenlaakso,2006,male,278.8
447,Kymenlaakso,2007,combined,281.4
448,Kymenlaakso,2007,female,281.4
449,Kymenlaakso,2007,male,281.3
450,Kymenlaakso,2008,combined,285.4
451,Kymenlaakso,2008,female,287.1
452,Kymenlaakso,2008,male,283.6
453,Kymenlaakso,2009,combined,290.1
454,Kymenlaakso,2009,female,292.6
455,Kymenlaakso,2009,male,287.3
456,Kymenlaakso,2010,combined,293.5
457,Kymenlaakso,2010,female,297.2
458,Kymenlaakso,2010,male,289.7
459,Kymenlaakso,2011,combined,297.0
460,Kymenlaakso,2011,female,301.8
461,Kymenlaakso,2011,male,291.9
462,Kymenlaakso,2012,combined,300.4
463,Kymenlaakso,2012,female,306.5
464,Kymenlaakso,2012,male,294.0
465,Kymenlaakso,2013,combined,305.2
466,Kymenlaakso,2013,female,312.6
467,Kymenlaakso,2013,male,297.4
468,Kymenlaakso,2014,combined,309.0
469,Kymenlaakso,2014,female,317.3
470,Kymenlaakso,2014,male,300.3
471,Kymenlaakso,2015,combined,311.0
472,Kymenlaakso,2015,female,320.7
473,Kymenlaakso,2015,male,300.8
474,Kymenlaakso,2016,combined,314.3
475,Kymenlaakso,2016,female,324.6
476,Kymenlaakso,2016,male,303.6
477,Kymenlaakso,2017,combined,318.8
478,Kymenlaakso,2017,female,330.3
479,Kymenlaakso,2017,male,306.8
480,Kymenlaakso,2018,combined,325.8
481,Kymenlaakso,2018,female,338.8
482,Kymenlaakso,2018,male,312.3
483,Kymenlaakso,2019,combined,329.8
484,Kymenlaakso,2019,female,343.9
485,Kymenlaakso,2019,male,315.1
486,Kymenlaakso,2020,combined,333.5
487,Kymenlaakso,2020,female,348.8
488,Kymenlaakso,2020,male,317.5
489,Kymenlaakso,2021,combined,337.8
490,Kymenlaakso,2021,female,354.5
491,Kymenlaakso,2021,male,320.5
492,Kymenlaakso,2022,combined,341.6
493,Kymenlaakso,2022,female,359.5
494,Kymenlaakso,2022,male,323.1
495,Lapland,1990,combined,212.6
496,Lapland,1990,female,212.6
497,Lapland,1990,male,212.5
498,Lapland,1991,combined,216.6
499,Lapland,1991,female,217.1
500,Lapland,1991,male,216.1
501,Lapland,1992,combined,221.2
502,Lapland,1992,female,222.5
503,Lapland,1992,male,219.9
504,Lapland,1993,combined,226.0
505,Lapland,1993,female,228.2
506,Lapland,1993,male,223.7
507,Lapland,1994,combined,230.5
508,Lapland,1994,female,233.5
509,Lapland,1994,male,227.4
510,Lapland,1995,combined,235.0
511,Lapland,1995,female,239.0
512,Lapland,1995,male,231.0
513,Lapland,1996,combined,239.2
514,Lapland,1996,female,244.1
515,Lapland,1996,male,234.3
516,Lapland,1997,combined,242.8
517,Lapland,1997,female,248.3
518,Lapland,1997,male,237.3
519,Lapland,1998,combined,246.4
520,Lapland,1998,female,252.7
521,Lapland,1998,male,240.1
522,Lapland,1999,combined,250.1
523,Lapland,1999,female,257.1
524,Lapland,1999,male,243.1
525,Lapland,2000,combined,253.5
526,Lapland,2000,female,261.2
527,Lapland,2000,male,245.7
528,Lapland,2001,combined,257.0
529,Lapland,2001,female,265.1
530,Lapland,2001,male,248.9
531,Lapland,2002,combined,261.2
532,Lapland,2002,female,269.9
533,Lapland,2002,male,252.4
534,Lapland,2003,combined,265.8
535,Lapland,2003,female,275.1
536,Lapland,2003,male,256.4
537,Lapland,2004,combined,270.8
538,Lapland,2004,female,281.2
539,Lapland,2004,male,260.4
540,Lapland,2005,combined,275.5
541,Lapland,2005,female,286.8
542,Lapland,2005,male,264.2
543,Lapland,2006,combined,280.3
544,Lapland,2006,female,292.8
545,Lapland,2006,male,267.9
546,Lapland,2007,combined,284.9
547,Lapland,2007,female,298.5
548,Lapland,2007,male,271.1
549,Lapland,2008,combined,290.1
550,Lapland,2008,female,305.3
551,Lapland,2008,male,274.8
552,Lapland,2009,combined,295.0
553,Lapland,2009,female,310.7
554,Lapland,2009,male,279.1
555,Lapland,2010,combined,299.6
556,Lapland,2010,female,316.1
557,Lapland,2010,male,283.0
558,Lapland,2011,combined,304.6
559,Lapland,2011,female,322.4
560,Lapland,2011,male,286.8
561,Lapland,2012,combined,309.5
562,Lapland,2012,female,328.4
563,Lapland,2012,male,290.5
564,Lapland,2013,combined,315.3
565,Lapland,2013,female,335.3
566,Lapland,2013,male,295.1
567,Lapland,2014,combined,320.5
568,Lapland,2014,female,341.6
569,Lapland,2014,male,299.3
570,Lapland,2015,combined,324.1
571,Lapland,2015,female,346.3
572,Lapland,2015,male,301.8
573,Lapland,2016,combined,328.7
574,Lapland,2016,female,352.0
575,Lapland,2016,male,305.3
576,Lapland,2017,combined,335.9
577,Lapland,2017,female,360.4
578,Lapland,2017,male,311.1
579,Lapland,2018,combined,342.7
580,Lapland,2018,female,368.4
581,Lapland,2018,male,316.7
582,Lapland,2019,combined,347.3
583,Lapland,2019,female,374.2
584,Lapland,2019,male,320.0
585,Lapland,2020,combined,351.9
586,Lapland,2020,female,380.4
587,Lapland,2020,male,323.2
588,Lapland,2021,combined,356.7
589,Lapland,2021,female,386.8
590,Lapland,2021,male,326.1
591,Lapland,2022,combined,361.0
592,Lapland,2022,female,392.7
593,Lapland,2022,male,328.9
594,North Karelia,1990,combined,198.0
595,North Karelia,1990,female,194.6
596,North Karelia,1990,male,201.6
597,North Karelia,1991,combined,202.6
598,North Karelia,1991,female,199.8
599,North Karelia,1991,male,205.6
600,North Karelia,1992,combined,208.2
601,North Karelia,1992,female,206.0
602,North Karelia,1992,male,210.4
603,North Karelia,1993,combined,213.9
604,North Karelia,1993,female,212.4
605,North Karelia,1993,male,215.5
606,North Karelia,1994,combined,219.2
607,North Karelia,1994,female,218.5
608,North Karelia,1994,male,220.0
609,North Karelia,1995,combined,224.0
610,North Karelia,1995,female,224.0
611,North Karelia,1995,male,224.1
612,North Karelia,1996,combined,228.6
613,North Karelia,1996,female,229.4
614,North Karelia,1996,male,227.8
615,North Karelia,1997,combined,233.1
616,North Karelia,1997,female,234.8
617,North Karelia,1997,male,231.4
618,North Karelia,1998,combined,237.4
619,North Karelia,1998,female,239.8
620,North Karelia,1998,male,234.8
621,North Karelia,1999,combined,242.3
622,North Karelia,1999,female,245.7
623,North Karelia,1999,male,238.9
624,North Karelia,2000,combined,246.6
625,North Karelia,2000,female,250.6
626,North Karelia,2000,male,242.5
627,North Karelia,2001,combined,251.9
628,North Karelia,2001,female,257.0
629,North Karelia,2001,male,246.6
630,North Karelia,2002,combined,256.3
631,North Karelia,2002,female,262.4
632,North Karelia,2002,male,250.1
633,North Karelia,2003,combined,261.9
634,North Karelia,2003,female,268.4
635,North Karelia,2003,male,255.2
636,North Karelia,2004,combined,267.1
637,North Karelia,2004,female,274.2
638,North Karelia,2004,male,259.9
639,North Karelia,2005,combined,272.8
640,North Karelia,2005,female,280.6
641,North Karelia,2005,male,264.8
642,North Karelia,2006,combined,278.3
643,North Karelia,2006,female,287.2
644,North Karelia,2006,male,269.1
645,North Karelia,2007,combined,283.5
646,North Karelia,2007,female,293.5
647,North Karelia,2007,male,273.2
648,North Karelia,2008,combined,290.0
649,North Karelia,2008,female,301.2
650,North Karelia,2008,male,278.6
651,North Karelia,2009,combined,294.7
652,North Karelia,2009,female,306.5
653,North Karelia,2009,male,282.6
654,North Karelia,2010,combined,300.2
655,North Karelia,2010,female,313.0
656,North Karelia,2010,male,287.0
657,North Karelia,2011,combined,305.3
658,North Karelia,2011,female,319.4
659,North Karelia,2011,male,290.8
660,North Karelia,2012,combined,310.4
661,North Karelia,2012,female,325.3
662,North Karelia,2012,male,295.1
663,North Karelia,2013,combined,316.2
664,North Karelia,2013,female,332.0
665,North Karelia,2013,male,300.1
666,North Karelia,2014,combined,321.3
667,North Karelia,2014,female,337.8
668,North Karelia,2014,male,304.6
669,North Karelia,2015,combined,325.6
670,North Karelia,2015,female,343.1
671,North Karelia,2015,male,307.9
672,North Karelia,2016,combined,330.3
673,North Karelia,2016,female,348.6
674,North Karelia,2016,male,311.7
675,North Karelia,2017,combined,335.4
676,North Karelia,2017,female,354.8
677,North Karelia,2017,male,315.7
678,North Karelia,2018,combined,342.6
679,North Karelia,2018,female,363.0
680,North Karelia,2018,male,321.9
681,North Karelia,2019,combined,347.5
682,North Karelia,2019,female,368.7
683,North Karelia,2019,male,325.9
684,North Karelia,2020,combined,351.8
685,North Karelia,2020,female,373.9
686,North Karelia,2020,male,329.3
687,North Karelia,2021,combined,355.9
688,North Karelia,2021,female,379.0
689,North Karelia,2021,male,332.5
690,North Karelia,2022,combined,359.5
691,North Karelia,2022,female,384.3
692,North Karelia,2022,male,334.4
693,North Ostrobothnia,1990,combined,220.7
694,North Ostrobothnia,1990,female,215.3
695,North Ostrobothnia,1990,male,226.4
696,North Ostrobothnia,1991,combined,226.3
697,North Ostrobothnia,1991,female,221.1
698,North Ostrobothnia,1991,male,231.7
699,North Ostrobothnia,1992,combined,232.2
700,North Ostrobothnia,1992,female,227.7
701,North Ostrobothnia,1992,male,236.9
702,North Ostrobothnia,1993,combined,238.0
703,North Ostrobothnia,1993,female,234.4
704,North Ostrobothnia,1993,male,241.8
705,North Ostrobothnia,1994,combined,243.8
706,North Ostrobothnia,1994,female,240.3
707,North Ostrobothnia,1994,male,247.4
708,North Ostrobothnia,1995,combined,249.9
709,North Ostrobothnia,1995,female,247.1
710,North Ostrobothnia,1995,male,252.8
711,North Ostrobothnia,1996,combined,255.9
712,North Ostrobothnia,1996,female,253.9
713,North Ostrobothnia,1996,male,258.0
714,North Ostrobothnia,1997,combined,262.0
715,North Ostrobothnia,1997,female,260.9
716,North Ostrobothnia,1997,male,263.2
717,North Ostrobothnia,1998,combined,267.9
718,North Ostrobothnia,1998,female,267.5
719,North Ostrobothnia,1998,male,268.2
720,North Ostrobothnia,1999,combined,273.9
721,North Ostrobothnia,1999,female,274.3
722,North Ostrobothnia,1999,male,273.5
723,North Ostrobothnia,2000,combined,280.4
724,North Ostrobothnia,2000,female,281.7
725,North Ostrobothnia,2000,male,278.9
726,North Ostrobothnia,2001,combined,286.0
727,North Ostrobothnia,2001,female,288.5
728,North Ostrobothnia,2001,male,283.5
729,North Ostrobothnia,2002,combined,291.2
730,North Ostrobothnia,2002,female,294.3
731,North Ostrobothnia,2002,male,288.1
732,North Ostrobothnia,2003,combined,297.0
733,North Ostrobothnia,2003,female,301.5
734,North Ostrobothnia,2003,male,292.5
735,North Ostrobothnia,2004,combined,303.0
736,North Ostrobothnia,2004,female,308.3
737,North Ostrobothnia,2004,male,297.6
738,North Ostrobothnia,2005,combined,308.4
739,North Ostrobothnia,2005,female,314.7
740,North Ostrobothnia,2005,male,302.0
741,North Ostrobothnia,2006,combined,314.2
742,North Ostrobothnia,2006,female,321.5
743,North Ostrobothnia,2006,male,306.8
744,North Ostrobothnia,2007,combined,319.5
745,North Ostrobothnia,2007,female,328.2
746,North Ostrobothnia,2007,male,310.9
747,North Ostrobothnia,2008,combined,326.5
748,North Ostrobothnia,2008,female,336.6
749,North Ostrobothnia,2008,male,316.4
750,North Ostrobothnia,2009,combined,331.6
751,North Ostrobothnia,2009,female,342.4
752,North Ostrobothnia,2009,male,320.7
753,North Ostrobothnia,2010,combined,336.8
754,North Ostrobothnia,2010,female,348.4
755,North Ostrobothnia,2010,male,325.1
756,North Ostrobothnia,2011,combined,341.1
757,North Ostrobothnia,2011,female,353.4
758,North Ostrobothnia,2011,male,328.8
759,North Ostrobothnia,2012,combined,346.1
760,North Ostrobothnia,2012,female,359.3
761,North Ostrobothnia,2012,male,332.8
762,North Ostrobothnia,2013,combined,351.7
763,North Ostrobothnia,2013,female,365.8
764,North Ostrobothnia,2013,male,337.7
765,North Ostrobothnia,2014,combined,357.0
766,North Ostrobothnia,2014,female,371.8
767,North Ostrobothnia,2014,male,342.1
768,North Ostrobothnia,2015,combined,360.6
769,North Ostrobothnia,2015,female,376.4
770,North Ostrobothnia,2015,male,344.9
771,North Ostrobothnia,2016,combined,365.1
772,North Ostrobothnia,2016,female,381.6
773,North Ostrobothnia,2016,male,348.6
774,North Ostrobothnia,2017,combined,370.3
775,North Ostrobothnia,2017,female,387.8
776,North Ostrobothnia,2017,male,353.1
777,North Ostrobothnia,2018,combined,377.2
778,North Ostrobothnia,2018,female,395.5
779,North Ostrobothnia,2018,male,359.0
780,North Ostrobothnia,2019,combined,381.3
781,North Ostrobothnia,2019,female,400.4
782,North Ostrobothnia,2019,male,362.5
783,North Ostrobothnia,2020,combined,385.9
784,North Ostrobothnia,2020,female,405.6
785,North Ostrobothnia,2020,male,366.3
786,North Ostrobothnia,2021,combined,390.2
787,North Ostrobothnia,2021,female,411.1
788,North Ostrobothnia,2021,male,369.5
789,North Ostrobothnia,2022,combined,393.9
790,North Ostrobothnia,2022,female,415.9
791,North Ostrobothnia,2022,male,372.0
792,North Savo,1990,combined,209.6
793,North Savo,1990,female,207.5
794,North Savo,1990,male,211.8
795,North Savo,1991,combined,213.8
796,North Savo,1991,female,212.1
797,North Savo,1991,male,215.5
798,North Savo,1992,combined,218.8
799,North Savo,1992,female,217.9
800,North Savo,1992,male,219.7
801,North Savo,1993,combined,224.3
802,North Savo,1993,female,224.2
803,North Savo,1993,male,224.3
804,North Savo,1994,combined,229.2
805,North Savo,1994,female,230.0
806,North Savo,1994,male,228.3
807,North Savo,1995,combined,234.4
808,North Savo,1995,female,236.2
809,North Savo,1995,male,232.6
810,North Savo,1996,combined,239.7
811,North Savo,1996,female,242.4
812,North Savo,1996,male,236.9
813,North Savo,1997,combined,244.5
814,North Savo,1997,female,247.9
815,North Savo,1997,male,240.8
816,North Savo,1998,combined,248.9
817,North Savo,1998,female,253.0
818,North Savo,1998,male,244.6
819,North Savo,1999,combined,253.5
820,North Savo,1999,female,258.4
821,North Savo,1999,male,248.2
822,North Savo,2000,combined,257.9
823,North Savo,2000,female,263.7
824,North Savo,2000,male,251.8
825,North Savo,2001,combined,262.9
826,North Savo,2001,female,269.4
827,North Savo,2001,male,255.9
828,North Savo,2002,combined,267.6
829,North Savo,2002,female,274.4
830,North Savo,2002,male,260.5
831,North Savo,2003,combined,273.0
832,North Savo,2003,female,280.6
833,North Savo,2003,male,265.0
834,North Savo,2004,combined,278.1
835,North Savo,2004,female,286.6
836,North Savo,2004,male,269.1
837,North Savo,2005,combined,283.1
838,North Savo,2005,female,292.6
839,North Savo,2005,male,273.1
840,North Savo,2006,combined,288.6
841,North Savo,2006,female,299.2
842,North Savo,2006,male,277.5
843,North Savo,2007,combined,293.9
844,North Savo,2007,female,305.4
845,North Savo,2007,male,281.9
846,North Savo,2008,combined,300.1
847,North Savo,2008,female,312.9
848,North Savo,2008,male,286.6
849,North Savo,2009,combined,305.1
850,North Savo,2009,female,318.8
851,North Savo,2009,male,290.7
852,North Savo,2010,combined,310.1
853,North Savo,2010,female,324.4
854,North Savo,2010,male,295.2
855,North Savo,2011,combined,315.0
856,North Savo,2011,female,330.4
857,North Savo,2011,male,299.0
858,North Savo,2012,combined,320.0
859,North Savo,2012,female,336.0
860,North Savo,2012,male,303.3
861,North Savo,2013,combined,326.3
862,North Savo,2013,female,343.2
863,North Savo,2013,male,308.8
864,North Savo,2014,combined,331.6
865,North Savo,2014,female,349.2
866,North Savo,2014,male,313.4
867,North Savo,2015,combined,335.6
868,North Savo,2015,female,354.5
869,North Savo,2015,male,316.0
870,North Savo,2016,combined,340.7
871,North Savo,2016,female,360.5
872,North Savo,2016,male,320.2
873,North Savo,2017,combined,346.3
874,North Savo,2017,female,367.2
875,North Savo,2017,male,324.6
876,North Savo,2018,combined,352.9
877,North Savo,2018,female,375.0
878,North Savo,2018,male,330.1
879,North Savo,2019,combined,357.4
880,North Savo,2019,female,380.5
881,North Savo,2019,male,333.6
882,North Savo,2020,combined,361.9
883,North Savo,2020,female,385.8
884,North Savo,2020,male,337.0
885,North Savo,2021,combined,367.2
886,North Savo,2021,female,392.4
887,North Savo,2021,male,341.1
888,North Savo,2022,combined,371.5
889,North Savo,2022,female,397.9
890,North Savo,2022,male,344.1
891,Ostrobothnia,1990,combined,207.6
892,Ostrobothnia,1990,female,198.4
893,Ostrobothnia,1990,male,217.6
894,Ostrobothnia,1991,combined,212.5
895,Ostrobothnia,1991,female,204.0
896,Ostrobothnia,1991,male,221.6
897,Ostrobothnia,1992,combined,218.1
898,Ostrobothnia,1992,female,210.3
899,Ostrobothnia,1992,male,226.5
900,Ostrobothnia,1993,combined,224.4
901,Ostrobothnia,1993,female,217.4
902,Ostrobothnia,1993,male,231.9
903,Ostrobothnia,1994,combined,230.5
904,Ostrobothnia,1994,female,223.9
905,Ostrobothnia,1994,male,237.6
906,Ostrobothnia,1995,combined,236.8
907,Ostrobothnia,1995,female,230.7
908,Ostrobothnia,1995,male,243.3
909,Ostrobothnia,1996,combined,242.9
910,Ostrobothnia,1996,female,237.9
911,Ostrobothnia,1996,male,248.3
912,Ostrobothnia,1997,combined,248.3
913,Ostrobothnia,1997,female,243.9
914,Ostrobothnia,1997,male,252.9
915,Ostrobothnia,1998,combined,253.6
916,Ostrobothnia,1998,female,249.9
917,Ostrobothnia,1998,male,257.5
918,Ostrobothnia,1999,combined,258.2
919,Ostrobothnia,1999,female,255.6
920,Ostrobothnia,1999,male,261.0
921,Ostrobothnia,2000,combined,263.2
922,Ostrobothnia,2000,female,261.8
923,Ostrobothnia,2000,male,264.6
924,Ostrobothnia,2001,combined,268.1
925,Ostrobothnia,2001,female,267.4
926,Ostrobothnia,2001,male,268.8
927,Ostrobothnia,2002,combined,272.8
928,Ostrobothnia,2002,female,272.2
929,Ostrobothnia,2002,male,273.5
930,Ostrobothnia,2003,combined,278.2
931,Ostrobothnia,2003,female,279.0
932,Ostrobothnia,2003,male,277.4
933,Ostrobothnia,2004,combined,284.0
934,Ostrobothnia,2004,female,286.2
935,Ostrobothnia,2004,male,281.8
936,Ostrobothnia,2005,combined,288.9
937,Ostrobothnia,2005,female,292.4
938,Ostrobothnia,2005,male,285.2
939,Ostrobothnia,2006,combined,294.7
940,Ostrobothnia,2006,female,299.8
941,Ostrobothnia,2006,male,289.5
942,Ostrobothnia,2007,combined,300.7
943,Ostrobothnia,2007,female,307.6
944,Ostrobothnia,2007,male,293.6
945,Ostrobothnia,2008,combined,307.3
946,Ostrobothnia,2008,female,316.2
947,Ostrobothnia,2008,male,298.3
948,Ostrobothnia,2009,combined,312.8
949,Ostrobothnia,2009,female,322.8
950,Ostrobothnia,2009,male,302.5
951,Ostrobothnia,2010,combined,318.2
952,Ostrobothnia,2010,female,329.6
953,Ostrobothnia,2010,male,306.7
954,Ostrobothnia,2011,combined,323.2
955,Ostrobothnia,2011,female,336.1
956,Ostrobothnia,2011,male,310.2
957,Ostrobothnia,2012,combined,328.1
958,Ostrobothnia,2012,female,342.4
959,Ostrobothnia,2012,male,313.7
960,Ostrobothnia,2013,combined,334.8
961,Ostrobothnia,2013,female,350.3
962,Ostrobothnia,2013,male,319.3
963,Ostrobothnia,2014,combined,340.0
964,Ostrobothnia,2014,female,356.4
965,Ostrobothnia,2014,male,323.5
966,Ostrobothnia,2015,combined,343.8
967,Ostrobothnia,2015,female,361.5
968,Ostrobothnia,2015,male,326.2
969,Ostrobothnia,2016,combined,348.1
970,Ostrobothnia,2016,female,367.1
971,Ostrobothnia,2016,male,329.2
972,Ostrobothnia,2017,combined,355.5
973,Ostrobothnia,2017,female,375.9
974,Ostrobothnia,2017,male,335.1
975,Ostrobothnia,2018,combined,364.2
976,Ostrobothnia,2018,female,386.2
977,Ostrobothnia,2018,male,342.4
978,Ostrobothnia,2019,combined,368.2
979,Ostrobothnia,2019,female,391.4
980,Ostrobothnia,2019,male,345.3
981,Ostrobothnia,2020,combined,372.3
982,Ostrobothnia,2020,female,396.6
983,Ostrobothnia,2020,male,348.2
984,Ostrobothnia,2021,combined,375.9
985,Ostrobothnia,2021,female,401.7
986,Ostrobothnia,2021,male,350.5
987,Ostrobothnia,2022,combined,378.3
988,Ostrobothnia,2022,female,405.5
989,Ostrobothnia,2022,male,351.7
990,Pirkanmaa,1990,combined,222.4
991,Pirkanmaa,1990,female,208.1
992,Pirkanmaa,1990,male,238.3
993,Pirkanmaa,1991,combined,227.4
994,Pirkanmaa,1991,female,213.5
995,Pirkanmaa,1991,male,243.0
996,Pirkanmaa,1992,combined,232.8
997,Pirkanmaa,1992,female,219.4
998,Pirkanmaa,1992,male,247.8
999,Pirkanmaa,1993,combined,238.5
1000,Pirkanmaa,1993,female,225.9
1001,Pirkanmaa,1993,male,252.6
1002,Pirkanmaa,1994,combined,244.2
1003,Pirkanmaa,1994,female,232.3
1004,Pirkanmaa,1994,male,257.5
1005,Pirkanmaa,1995,combined,250.5
1006,Pirkanmaa,1995,female,239.0
1007,Pirkanmaa,1995,male,263.2
1008,Pirkanmaa,1996,combined,256.4
1009,Pirkanmaa,1996,female,245.6
1010,Pirkanmaa,1996,male,268.3
1011,Pirkanmaa,1997,combined,262.4
1012,Pirkanmaa,1997,female,252.2
1013,Pirkanmaa,1997,male,273.5
1014,Pirkanmaa,1998,combined,268.3
1015,Pirkanmaa,1998,female,258.5
1016,Pirkanmaa,1998,male,279.0
1017,Pirkanmaa,1999,combined,274.2
1018,Pirkanmaa,1999,female,265.4
1019,Pirkanmaa,1999,male,283.9
1020,Pirkanmaa,2000,combined,280.0
1021,Pirkanmaa,2000,female,272.0
1022,Pirkanmaa,2000,male,288.7
1023,Pirkanmaa,2001,combined,285.9
1024,Pirkanmaa,2001,female,278.9
1025,Pirkanmaa,2001,male,293.4
1026,Pirkanmaa,2002,combined,291.8
1027,Pirkanmaa,2002,female,285.1
1028,Pirkanmaa,2002,male,299.1
1029,Pirkanmaa,2003,combined,298.3
1030,Pirkanmaa,2003,female,292.7
1031,Pirkanmaa,2003,male,304.2
1032,Pirkanmaa,2004,combined,304.1
1033,Pirkanmaa,2004,female,299.7
1034,Pirkanmaa,2004,male,308.8
1035,Pirkanmaa,2005,combined,309.9
1036,Pirkanmaa,2005,female,306.5
1037,Pirkanmaa,2005,male,313.6
1038,Pirkanmaa,2006,combined,316.6
1039,Pirkanmaa,2006,female,314.3
1040,Pirkanmaa,2006,male,319.0
1041,Pirkanmaa,2007,combined,322.1
1042,Pirkanmaa,2007,female,321.1
1043,Pirkanmaa,2007,male,323.1
1044,Pirkanmaa,2008,combined,329.4
1045,Pirkanmaa,2008,female,330.1
1046,Pirkanmaa,2008,male,328.6
1047,Pirkanmaa,2009,combined,334.9
1048,Pirkanmaa,2009,female,336.1
1049,Pirkanmaa,2009,male,333.6
1050,Pirkanmaa,2010,combined,341.3
1051,Pirkanmaa,2010,female,343.1
1052,Pirkanmaa,2010,male,339.4
1053,Pirkanmaa,2011,combined,346.3
1054,Pirkanmaa,2011,female,349.2
1055,Pirkanmaa,2011,male,343.1
1056,Pirkanmaa,2012,combined,352.0
1057,Pirkanmaa,2012,female,356.2
1058,Pirkanmaa,2012,male,347.6
1059,Pirkanmaa,2013,combined,358.6
1060,Pirkanmaa,2013,female,363.6
1061,Pirkanmaa,2013,male,353.4
1062,Pirkanmaa,2014,combined,364.2
1063,Pirkanmaa,2014,female,370.0
1064,Pirkanmaa,2014,male,358.1
1065,Pirkanmaa,2015,combined,368.3
1066,Pirkanmaa,2015,female,375.3
1067,Pirkanmaa,2015,male,360.9
1068,Pirkanmaa,2016,combined,373.0
1069,Pirkanmaa,2016,female,381.0
1070,Pirkanmaa,2016,male,364.7
1071,Pirkanmaa,2017,combined,378.5
1072,Pirkanmaa,2017,female,387.3
1073,Pirkanmaa,2017,male,369.3
1074,Pirkanmaa,2018,combined,386.4
1075,Pirkanmaa,2018,female,396.0
1076,Pirkanmaa,2018,male,376.4
1077,Pirkanmaa,2019,combined,391.2
1078,Pirkanmaa,2019,female,401.7
1079,Pirkanmaa,2019,male,380.3
1080,Pirkanmaa,2020,combined,396.6
1081,Pirkanmaa,2020,female,408.0
1082,Pirkanmaa,2020,male,384.6
1083,Pirkanmaa,2021,combined,402.0
1084,Pirkanmaa,2021,female,414.8
1085,Pirkanmaa,2021,male,388.7
1086,Pirkanmaa,2022,combined,406.1
1087,Pirkanmaa,2022,female,420.2
1088,Pirkanmaa,2022,male,391.4
1089,Päijät-Häme,1990,combined,204.6
1090,Päijät-Häme,1990,female,194.7
1091,Päijät-Häme,1990,male,215.7
1092,Päijät-Häme,1991,combined,208.6
1093,Päijät-Häme,1991,female,199.2
1094,Päijät-Häme,1991,male,219.1
1095,Päijät-Häme,1992,combined,213.1
1096,Päijät-Häme,1992,female,204.5
1097,Päijät-Häme,1992,male,222.8
1098,Päijät-Häme,1993,combined,217.4
1099,Päijät-Häme,1993,female,209.4
1100,Päijät-Häme,1993,male,226.3
1101,Päijät-Häme,1994,combined,221.5
1102,Päijät-Häme,1994,female,214.2
1103,Päijät-Häme,1994,male,229.7
1104,Päijät-Häme,1995,combined,226.1
1105,Päijät-Häme,1995,female,219.5
1106,Päijät-Häme,1995,male,233.5
1107,Päijät-Häme,1996,combined,230.3
1108,Päijät-Häme,1996,female,223.9
1109,Päijät-Häme,1996,male,237.5
1110,Päijät-Häme,1997,combined,234.8
1111,Päijät-Häme,1997,female,229.7
1112,Päijät-Häme,1997,male,240.5
1113,Päijät-Häme,1998,combined,239.3
1114,Päijät-Häme,1998,female,235.2
1115,Päijät-Häme,1998,male,243.9
1116,Päijät-Häme,1999,combined,243.6
1117,Päijät-Häme,1999,female,240.4
1118,Päijät-Häme,1999,male,247.1
1119,Päijät-Häme,2000,combined,247.2
1120,Päijät-Häme,2000,female,244.9
1121,Päijät-Häme,2000,male,249.9
1122,Päijät-Häme,2001,combined,251.3
1123,Päijät-Häme,2001,female,249.8
1124,Päijät-Häme,2001,male,253.0
1125,Päijät-Häme,2002,combined,255.8
1126,Päijät-Häme,2002,female,254.5
1127,Päijät-Häme,2002,male,257.2
1128,Päijät-Häme,2003,combined,260.5
1129,Päijät-Häme,2003,female,260.3
1130,Päijät-Häme,2003,male,260.6
1131,Päijät-Häme,2004,combined,265.3
1132,Päijät-Häme,2004,female,266.3
1133,Päijät-Häme,2004,male,264.3
1134,Päijät-Häme,2005,combined,269.9
1135,Päijät-Häme,2005,female,271.6
1136,Päijät-Häme,2005,male,268.1
1137,Päijät-Häme,2006,combined,275.3
1138,Päijät-Häme,2006,female,277.8
1139,Päijät-Häme,2006,male,272.5
1140,Päijät-Häme,2007,combined,280.6
1141,Päijät-Häme,2007,female,283.9
1142,Päijät-Häme,2007,male,276.9
1143,Päijät-Häme,2008,combined,285.8
1144,Päijät-Häme,2008,female,290.3
1145,Päijät-Häme,2008,male,280.8
1146,Päijät-Häme,2009,combined,290.3
1147,Päijät-Häme,2009,female,295.8
1148,Päijät-Häme,2009,male,284.2
1149,Päijät-Häme,2010,combined,295.1
1150,Päijät-Häme,2010,female,301.4
1151,Päijät-Häme,2010,male,288.3
1152,Päijät-Häme,2011,combined,299.9
1153,Päijät-Häme,2011,female,307.4
1154,Päijät-Häme,2011,male,291.8
1155,Päijät-Häme,2012,combined,304.5
1156,Päijät-Häme,2012,female,312.8
1157,Päijät-Häme,2012,male,295.4
1158,Päijät-Häme,2013,combined,309.9
1159,Päijät-Häme,2013,female,319.0
1160,Päijät-Häme,2013,male,299.9
1161,Päijät-Häme,2014,combined,314.5
1162,Päijät-Häme,2014,female,324.3
1163,Päijät-Häme,2014,male,303.9
1164,Päijät-Häme,2015,combined,317.0
1165,Päijät-Häme,2015,female,327.9
1166,Päijät-Häme,2015,male,305.2
1167,Päijät-Häme,2016,combined,320.6
1168,Päijät-Häme,2016,female,332.6
1169,Päijät-Häme,2016,male,307.7
1170,Päijät-Häme,2017,combined,325.1
1171,Päijät-Häme,2017,female,337.7
1172,Päijät-Häme,2017,male,311.5
1173,Päijät-Häme,2018,combined,331.3
1174,Päijät-Häme,2018,female,345.0
1175,Päijät-Häme,2018,male,316.5
1176,Päijät-Häme,2019,combined,334.9
1177,Päijät-Häme,2019,female,349.6
1178,Päijät-Häme,2019,male,319.1
1179,Päijät-Häme,2020,combined,338.8
1180,Päijät-Häme,2020,female,354.3
1181,Päijät-Häme,2020,male,322.1
1182,Päijät-Häme,2021,combined,343.4
1183,Päijät-Häme,2021,female,359.9
1184,Päijät-Häme,2021,male,325.7
1185,Päijät-Häme,2022,combined,347.0
1186,Päijät-Häme,2022,female,364.6
1187,Päijät-Häme,2022,male,328.2
1188,Satakunta,1990,combined,199.2
1189,Satakunta,1990,female,189.1
1190,Satakunta,1990,male,210.3
1191,Satakunta,1991,combined,203.5
1192,Satakunta,1991,female,194.0
1193,Satakunta,1991,male,213.9
1194,Satakunta,1992,combined,208.3
1195,Satakunta,1992,female,199.3
1196,Satakunta,1992,male,218.0
1197,Satakunta,1993,combined,213.3
1198,Satakunta,1993,female,205.2
1199,Satakunta,1993,male,222.1
1200,Satakunta,1994,combined,218.2
1201,Satakunta,1994,female,210.8
1202,Satakunta,1994,male,226.3
1203,Satakunta,1995,combined,222.7
1204,Satakunta,1995,female,215.8
1205,Satakunta,1995,male,230.2
1206,Satakunta,1996,combined,227.3
1207,Satakunta,1996,female,221.3
1208,Satakunta,1996,male,233.8
1209,Satakunta,1997,combined,231.7
1210,Satakunta,1997,female,226.6
1211,Satakunta,1997,male,237.2
1212,Satakunta,1998,combined,235.9
1213,Satakunta,1998,female,231.3
1214,Satakunta,1998,male,240.8
1215,Satakunta,1999,combined,239.8
1216,Satakunta,1999,female,236.2
1217,Satakunta,1999,male,243.8
1218,Satakunta,2000,combined,243.8
1219,Satakunta,2000,female,241.1
1220,Satakunta,2000,male,246.7
1221,Satakunta,2001,combined,247.8
1222,Satakunta,2001,female,246.2
1223,Satakunta,2001,male,249.5
1224,Satakunta,2002,combined,252.0
1225,Satakunta,2002,female,251.0
1226,Satakunta,2002,male,252.9
1227,Satakunta,2003,combined,256.7
1228,Satakunta,2003,female,257.0
1229,Satakunta,2003,male,256.4
1230,Satakunta,2004,combined,261.6
1231,Satakunta,2004,female,263.2
1232,Satakunta,2004,male,260.0
1233,Satakunta,2005,combined,266.1
1234,Satakunta,2005,female,268.6
1235,Satakunta,2005,male,263.4
1236,Satakunta,2006,combined,270.8
1237,Satakunta,2006,female,274.7
1238,Satakunta,2006,male,266.7
1239,Satakunta,2007,combined,275.5
1240,Satakunta,2007,female,280.6
1241,Satakunta,2007,male,270.0
1242,Satakunta,2008,combined,280.1
1243,Satakunta,2008,female,286.2
1244,Satakunta,2008,male,273.6
1245,Satakunta,2009,combined,284.8
1246,Satakunta,2009,female,291.8
1247,Satakunta,2009,male,277.4
1248,Satakunta,2010,combined,289.6
1249,Satakunta,2010,female,298.0
1250,Satakunta,2010,male,280.8
1251,Satakunta,2011,combined,294.2
1252,Satakunta,2011,female,303.8
1253,Satakunta,2011,male,284.1
1254,Satakunta,2012,combined,298.9
1255,Satakunta,2012,female,309.6
1256,Satakunta,2012,male,287.5
1257,Satakunta,2013,combined,304.5
1258,Satakunta,2013,female,316.1
1259,Satakunta,2013,male,292.2
1260,Satakunta,2014,combined,309.0
1261,Satakunta,2014,female,321.5
1262,Satakunta,2014,male,295.9
1263,Satakunta,2015,combined,311.8
1264,Satakunta,2015,female,325.6
1265,Satakunta,2015,male,297.3
1266,Satakunta,2016,combined,315.2
1267,Satakunta,2016,female,330.6
1268,Satakunta,2016,male,299.1
1269,Satakunta,2017,combined,319.4
1270,Satakunta,2017,female,336.2
1271,Satakunta,2017,male,302.0
1272,Satakunta,2018,combined,325.9
1273,Satakunta,2018,female,343.2
1274,Satakunta,2018,male,308.0
1275,Satakunta,2019,combined,329.6
1276,Satakunta,2019,female,347.7
1277,Satakunta,2019,male,310.8
1278,Satakunta,2020,combined,333.2
1279,Satakunta,2020,female,352.8
1280,Satakunta,2020,male,312.9
1281,Satakunta,2021,combined,337.3
1282,Satakunta,2021,female,358.4
1283,Satakunta,2021,male,315.5
1284,Satakunta,2022,combined,341.0
1285,Satakunta,2022,female,363.3
1286,Satakunta,2022,male,318.0
1287,South Karelia,1990,combined,195.4
1288,South Karelia,1990,female,185.9
1289,South Karelia,1990,male,205.7
1290,South Karelia,1991,combined,200.0
1291,South Karelia,1991,female,191.1
1292,South Karelia,1991,male,209.5
1293,South Karelia,1992,combined,204.8
1294,South Karelia,1992,female,196.4
1295,South Karelia,1992,male,213.8
1296,South Karelia,1993,combined,210.4
1297,South Karelia,1993,female,202.2
1298,South Karelia,1993,male,219.1
1299,South Karelia,1994,combined,214.7
1300,South Karelia,1994,female,207.2
1301,South Karelia,1994,male,222.7
1302,South Karelia,1995,combined,219.9
1303,South Karelia,1995,female,213.2
1304,South Karelia,1995,male,227.0
1305,South Karelia,1996,combined,224.3
1306,South Karelia,1996,female,217.9
1307,South Karelia,1996,male,231.1
1308,South Karelia,1997,combined,229.5
1309,South Karelia,1997,female,223.8
1310,South Karelia,1997,male,235.4
1311,South Karelia,1998,combined,233.8
1312,South Karelia,1998,female,228.9
1313,South Karelia,1998,male,238.9
1314,South Karelia,1999,combined,238.4
1315,South Karelia,1999,female,234.1
1316,South Karelia,1999,male,242.9
1317,South Karelia,2000,combined,243.0
1318,South Karelia,2000,female,239.4
1319,South Karelia,2000,male,246.7
1320,South Karelia,2001,combined,248.3
1321,South Karelia,2001,female,245.6
1322,South Karelia,2001,male,251.1
1323,South Karelia,2002,combined,253.3
1324,South Karelia,2002,female,251.0
1325,South Karelia,2002,male,255.7
1326,South Karelia,2003,combined,258.9
1327,South Karelia,2003,female,257.8
1328,South Karelia,2003,male,260.0
1329,South Karelia,2004,combined,264.4
1330,South Karelia,2004,female,264.2
1331,South Karelia,2004,male,264.7
1332,South Karelia,2005,combined,269.8
1333,South Karelia,2005,female,270.3
1334,South Karelia,2005,male,269.3
1335,South Karelia,2006,combined,275.1
1336,South Karelia,2006,female,276.8
1337,South Karelia,2006,male,273.3
1338,South Karelia,2007,combined,280.1
1339,South Karelia,2007,female,282.8
1340,South Karelia,2007,male,277.3
1341,South Karelia,2008,combined,285.6
1342,South Karelia,2008,female,290.1
1343,South Karelia,2008,male,281.0
1344,South Karelia,2009,combined,291.0
1345,South Karelia,2009,female,296.6
1346,South Karelia,2009,male,285.2
1347,South Karelia,2010,combined,296.4
1348,South Karelia,2010,female,302.9
1349,South Karelia,2010,male,289.6
1350,South Karelia,2011,combined,300.8
1351,South Karelia,2011,female,308.3
1352,South Karelia,2011,male,293.1
1353,South Karelia,2012,combined,305.6
1354,South Karelia,2012,female,313.9
1355,South Karelia,2012,male,297.1
1356,South Karelia,2013,combined,311.4
1357,South Karelia,2013,female,320.4
1358,South Karelia,2013,male,302.1
1359,South Karelia,2014,combined,316.6
1360,South Karelia,2014,female,326.1
1361,South Karelia,2014,male,306.9
1362,South Karelia,2015,combined,320.1
1363,South Karelia,2015,female,330.7
1364,South Karelia,2015,male,309.3
1365,South Karelia,2016,combined,324.6
1366,South Karelia,2016,female,335.7
1367,South Karelia,2016,male,313.1
1368,South Karelia,2017,combined,329.9
1369,South Karelia,2017,female,341.7
1370,South Karelia,2017,male,317.7
1371,South Karelia,2018,combined,338.6
1372,South Karelia,2018,female,351.2
1373,South Karelia,2018,male,325.7
1374,South Karelia,2019,combined,342.8
1375,South Karelia,2019,female,356.6
1376,South Karelia,2019,male,328.7
1377,South Karelia,2020,combined,348.1
1378,South Karelia,2020,female,362.7
1379,South Karelia,2020,male,333.3
1380,South Karelia,2021,combined,352.7
1381,South Karelia,2021,female,368.7
1382,South Karelia,2021,male,336.4
1383,South Karelia,2022,combined,355.2
1384,South Karelia,2022,female,373.2
1385,South Karelia,2022,male,337.0
1386,South Ostrobothnia,1990,combined,186.8
1387,South Ostrobothnia,1990,female,184.6
1388,South Ostrobothnia,1990,male,189.2
1389,South Ostrobothnia,1991,combined,191.4
1390,South Ostrobothnia,1991,female,189.6
1391,South Ostrobothnia,1991,male,193.3
1392,South Ostrobothnia,1992,combined,196.7
1393,South Ostrobothnia,1992,female,195.7
1394,South Ostrobothnia,1992,male,197.7
1395,South Ostrobothnia,1993,combined,202.2
1396,South Ostrobothnia,1993,female,202.2
1397,South Ostrobothnia,1993,male,202.2
1398,South Ostrobothnia,1994,combined,207.4
1399,South Ostrobothnia,1994,female,208.0
1400,South Ostrobothnia,1994,male,206.8
1401,South Ostrobothnia,1995,combined,211.9
1402,South Ostrobothnia,1995,female,213.2
1403,South Ostrobothnia,1995,male,210.6
1404,South Ostrobothnia,1996,combined,216.1
1405,South Ostrobothnia,1996,female,217.9
1406,South Ostrobothnia,1996,male,214.3
1407,South Ostrobothnia,1997,combined,220.9
1408,South Ostrobothnia,1997,female,223.5
1409,South Ostrobothnia,1997,male,218.2
1410,South Ostrobothnia,1998,combined,226.0
1411,South Ostrobothnia,1998,female,229.6
1412,South Ostrobothnia,1998,male,222.1
1413,South Ostrobothnia,1999,combined,230.8
1414,South Ostrobothnia,1999,female,235.5
1415,South Ostrobothnia,1999,male,225.9
1416,South Ostrobothnia,2000,combined,235.2
1417,South Ostrobothnia,2000,female,240.4
1418,South Ostrobothnia,2000,male,229.6
1419,South Ostrobothnia,2001,combined,239.3
1420,South Ostrobothnia,2001,female,245.8
1421,South Ostrobothnia,2001,male,232.5
1422,South Ostrobothnia,2002,combined,243.5
1423,South Ostrobothnia,2002,female,250.2
1424,South Ostrobothnia,2002,male,236.6
1425,South Ostrobothnia,2003,combined,248.9
1426,South Ostrobothnia,2003,female,256.6
1427,South Ostrobothnia,2003,male,241.0
1428,South Ostrobothnia,2004,combined,254.2
1429,South Ostrobothnia,2004,female,262.8
1430,South Ostrobothnia,2004,male,245.1
1431,South Ostrobothnia,2005,combined,259.7
1432,South Ostrobothnia,2005,female,269.2
1433,South Ostrobothnia,2005,male,249.9
1434,South Ostrobothnia,2006,combined,265.4
1435,South Ostrobothnia,2006,female,275.8
1436,South Ostrobothnia,2006,male,254.5
1437,South Ostrobothnia,2007,combined,270.5
1438,South Ostrobothnia,2007,female,282.0
1439,South Ostrobothnia,2007,male,258.6
1440,South Ostrobothnia,2008,combined,276.4
1441,South Ostrobothnia,2008,female,289.0
1442,South Ostrobothnia,2008,male,263.2
1443,South Ostrobothnia,2009,combined,281.6
1444,South Ostrobothnia,2009,female,295.1
1445,South Ostrobothnia,2009,male,267.7
1446,South Ostrobothnia,2010,combined,286.8
1447,South Ostrobothnia,2010,female,301.2
1448,South Ostrobothnia,2010,male,271.9
1449,South Ostrobothnia,2011,combined,292.0
1450,South Ostrobothnia,2011,female,307.6
1451,South Ostrobothnia,2011,male,275.9
1452,South Ostrobothnia,2012,combined,297.0
1453,South Ostrobothnia,2012,female,314.0
1454,South Ostrobothnia,2012,male,279.5
1455,South Ostrobothnia,2013,combined,302.4
1456,South Ostrobothnia,2013,female,320.4
1457,South Ostrobothnia,2013,male,283.8
1458,South Ostrobothnia,2014,combined,307.4
1459,South Ostrobothnia,2014,female,326.3
1460,South Ostrobothnia,2014,male,287.9
1461,South Ostrobothnia,2015,combined,310.9
1462,South Ostrobothnia,2015,female,330.9
1463,South Ostrobothnia,2015,male,290.3
1464,South Ostrobothnia,2016,combined,316.0
1465,South Ostrobothnia,2016,female,337.0
1466,South Ostrobothnia,2016,male,294.5
1467,South Ostrobothnia,2017,combined,321.4
1468,South Ostrobothnia,2017,female,343.3
1469,South Ostrobothnia,2017,male,298.8
1470,South Ostrobothnia,2018,combined,326.9
1471,South Ostrobothnia,2018,female,350.1
1472,South Ostrobothnia,2018,male,303.2
1473,South Ostrobothnia,2019,combined,331.4
1474,South Ostrobothnia,2019,female,355.6
1475,South Ostrobothnia,2019,male,306.6
1476,South Ostrobothnia,2020,combined,335.9
1477,South Ostrobothnia,2020,female,361.1
1478,South Ostrobothnia,2020,male,310.3
1479,South Ostrobothnia,2021,combined,340.2
1480,South Ostrobothnia,2021,female,366.4
1481,South Ostrobothnia,2021,male,313.4
1482,South Ostrobothnia,2022,combined,344.4
1483,South Ostrobothnia,2022,female,372.1
1484,South Ostrobothnia,2022,male,316.3
1485,South Savo,1990,combined,195.3
1486,South Savo,1990,female,194.5
1487,South Savo,1990,male,196.2
1488,South Savo,1991,combined,199.6
1489,South Savo,1991,female,199.6
1490,South Savo,1991,male,199.5
1491,South Savo,1992,combined,204.8
1492,South Savo,1992,female,205.3
1493,South Savo,1992,male,204.1
1494,South Savo,1993,combined,209.9
1495,South Savo,1993,female,211.4
1496,South Savo,1993,male,208.3
1497,South Savo,1994,combined,214.0
1498,South Savo,1994,female,216.3
1499,South Savo,1994,male,211.4
1500,South Savo,1995,combined,218.7
1501,South Savo,1995,female,221.7
1502,South Savo,1995,male,215.6
1503,South Savo,1996,combined,223.2
1504,South Savo,1996,female,226.7
1505,South Savo,1996,male,219.5
1506,South Savo,1997,combined,227.4
1507,South Savo,1997,female,231.5
1508,South Savo,1997,male,223.1
1509,South Savo,1998,combined,231.9
1510,South Savo,1998,female,236.8
1511,South Savo,1998,male,226.6
1512,South Savo,1999,combined,235.3
1513,South Savo,1999,female,241.0
1514,South Savo,1999,male,229.2
1515,South Savo,2000,combined,239.3
1516,South Savo,2000,female,246.1
1517,South Savo,2000,male,232.1
1518,South Savo,2001,combined,243.6
1519,South Savo,2001,female,251.2
1520,South Savo,2001,male,235.5
1521,South Savo,2002,combined,247.9
1522,South Savo,2002,female,256.1
1523,South Savo,2002,male,239.1
1524,South Savo,2003,combined,252.8
1525,South Savo,2003,female,261.8
1526,South Savo,2003,male,243.0
1527,South Savo,2004,combined,257.4
1528,South Savo,2004,female,267.2
1529,South Savo,2004,male,246.9
1530,South Savo,2005,combined,262.1
1531,South Savo,2005,female,272.7
1532,South Savo,2005,male,250.8
1533,South Savo,2006,combined,267.0
1534,South Savo,2006,female,278.6
1535,South Savo,2006,male,254.6
1536,South Savo,2007,combined,271.4
1537,South Savo,2007,female,283.8
1538,South Savo,2007,male,258.2
1539,South Savo,2008,combined,276.8
1540,South Savo,2008,female,290.1
1541,South Savo,2008,male,262.6
1542,South Savo,2009,combined,281.5
1543,South Savo,2009,female,296.0
1544,South Savo,2009,male,266.1
1545,South Savo,2010,combined,286.6
1546,South Savo,2010,female,301.4
1547,South Savo,2010,male,270.8
1548,South Savo,2011,combined,291.6
1549,South Savo,2011,female,307.4
1550,South Savo,2011,male,274.9
1551,South Savo,2012,combined,296.8
1552,South Savo,2012,female,313.7
1553,South Savo,2012,male,279.0
1554,South Savo,2013,combined,302.5
1555,South Savo,2013,female,320.1
1556,South Savo,2013,male,283.8
1557,South Savo,2014,combined,307.8
1558,South Savo,2014,female,326.4
1559,South Savo,2014,male,288.1
1560,South Savo,2015,combined,311.1
1561,South Savo,2015,female,330.4
1562,South Savo,2015,male,290.7
1563,South Savo,2016,combined,315.3
1564,South Savo,2016,female,335.4
1565,South Savo,2016,male,293.9
1566,South Savo,2017,combined,320.8
1567,South Savo,2017,female,341.8
1568,South Savo,2017,male,298.5
1569,South Savo,2018,combined,325.7
1570,South Savo,2018,female,348.2
1571,South Savo,2018,male,302.2
1572,South Savo,2019,combined,329.5
1573,South Savo,2019,female,352.7
1574,South Savo,2019,male,305.2
1575,South Savo,2020,combined,333.4
1576,South Savo,2020,female,357.9
1577,South Savo,2020,male,307.9
1578,South Savo,2021,combined,338.4
1579,South Savo,2021,female,364.1
1580,South Savo,2021,male,311.7
1581,South Savo,2022,combined,342.3
1582,South Savo,2022,female,369.0
1583,South Savo,2022,male,314.5
1584,Southwest Finland,1990,combined,220.0
1585,Southwest Finland,1990,female,206.0
1586,Southwest Finland,1990,male,235.6
1587,Southwest Finland,1991,combined,225.1
1588,Southwest Finland,1991,female,212.0
1589,Southwest Finland,1991,male,239.8
1590,Southwest Finland,1992,combined,230.5
1591,Southwest Finland,1992,female,218.0
1592,Southwest Finland,1992,male,244.5
1593,Southwest Finland,1993,combined,236.6
1594,Southwest Finland,1993,female,224.9
1595,Southwest Finland,1993,male,249.7
1596,Southwest Finland,1994,combined,242.2
1597,Southwest Finland,1994,female,231.2
1598,Southwest Finland,1994,male,254.5
1599,Southwest Finland,1995,combined,248.5
1600,Southwest Finland,1995,female,238.0
1601,Southwest Finland,1995,male,260.2
1602,Southwest Finland,1996,combined,253.9
1603,Southwest Finland,1996,female,244.3
1604,Southwest Finland,1996,male,264.5
1605,Southwest Finland,1997,combined,259.6
1606,Southwest Finland,1997,female,251.0
1607,Southwest Finland,1997,male,269.1
1608,Southwest Finland,1998,combined,264.6
1609,Southwest Finland,1998,female,256.9
1610,Southwest Finland,1998,male,273.1
1611,Southwest Finland,1999,combined,269.6
1612,Southwest Finland,1999,female,262.6
1613,Southwest Finland,1999,male,277.3
1614,Southwest Finland,2000,combined,274.4
1615,Southwest Finland,2000,female,268.6
1616,Southwest Finland,2000,male,280.8
1617,Southwest Finland,2001,combined,279.2
1618,Southwest Finland,2001,female,274.4
1619,Southwest Finland,2001,male,284.5
1620,Southwest Finland,2002,combined,284.2
1621,Southwest Finland,2002,female,280.1
1622,Southwest Finland,2002,male,288.8
1623,Southwest Finland,2003,combined,289.7
1624,Southwest Finland,2003,female,286.8
1625,Southwest Finland,2003,male,292.9
1626,Southwest Finland,2004,combined,295.1
1627,Southwest Finland,2004,female,293.3
1628,Southwest Finland,2004,male,297.0
1629,Southwest Finland,2005,combined,300.2
1630,Southwest Finland,2005,female,299.6
1631,Southwest Finland,2005,male,300.8
1632,Southwest Finland,2006,combined,305.9
1633,Southwest Finland,2006,female,306.7
1634,Southwest Finland,2006,male,305.0
1635,Southwest Finland,2007,combined,311.2
1636,Southwest Finland,2007,female,313.5
1637,Southwest Finland,2007,male,308.8
1638,Southwest Finland,2008,combined,318.2
1639,Southwest Finland,2008,female,322.4
1640,Southwest Finland,2008,male,313.8
1641,Southwest Finland,2009,combined,323.0
1642,Southwest Finland,2009,female,328.3
1643,Southwest Finland,2009,male,317.3
1644,Southwest Finland,2010,combined,327.8
1645,Southwest Finland,2010,female,334.1
1646,Southwest Finland,2010,male,321.0
1647,Southwest Finland,2011,combined,332.5
1648,Southwest Finland,2011,female,340.1
1649,Southwest Finland,2011,male,324.3
1650,Southwest Finland,2012,combined,337.2
1651,Southwest Finland,2012,female,346.2
1652,Southwest Finland,2012,male,327.5
1653,Southwest Finland,2013,combined,343.1
1654,Southwest Finland,2013,female,353.0
1655,Southwest Finland,2013,male,332.3
1656,Southwest Finland,2014,combined,347.8
1657,Southwest Finland,2014,female,358.6
1658,Southwest Finland,2014,male,336.2
1659,Southwest Finland,2015,combined,351.3
1660,Southwest Finland,2015,female,363.5
1661,Southwest Finland,2015,male,338.2
1662,Southwest Finland,2016,combined,355.9
1663,Southwest Finland,2016,female,369.6
1664,Southwest Finland,2016,male,341.2
1665,Southwest Finland,2017,combined,361.8
1666,Southwest Finland,2017,female,376.6
1667,Southwest Finland,2017,male,345.9
1668,Southwest Finland,2018,combined,370.0
1669,Southwest Finland,2018,female,386.0
1670,Southwest Finland,2018,male,352.9
1671,Southwest Finland,2019,combined,374.6
1672,Southwest Finland,2019,female,391.6
1673,Southwest Finland,2019,male,356.4
1674,Southwest Finland,2020,combined,379.0
1675,Southwest Finland,2020,female,397.5
1676,Southwest Finland,2020,male,359.4
1677,Southwest Finland,2021,combined,383.3
1678,Southwest Finland,2021,female,403.2
1679,Southwest Finland,2021,male,362.2
1680,Southwest Finland,2022,combined,386.8
1681,Southwest Finland,2022,female,408.2
1682,Southwest Finland,2022,male,364.2
1683,Uusimaa,1990,combined,274.4
1684,Uusimaa,1990,female,255.0
1685,Uusimaa,1990,male,296.8
1686,Uusimaa,1991,combined,278.8
1687,Uusimaa,1991,female,260.4
1688,Uusimaa,1991,male,300.0
1689,Uusimaa,1992,combined,283.5
1690,Uusimaa,1992,female,266.1
1691,Uusimaa,1992,male,303.5
1692,Uusimaa,1993,combined,288.9
1693,Uusimaa,1993,female,272.4
1694,Uusimaa,1993,male,307.8
1695,Uusimaa,1994,combined,294.3
1696,Uusimaa,1994,female,278.8
1697,Uusimaa,1994,male,312.1
1698,Uusimaa,1995,combined,300.5
1699,Uusimaa,1995,female,285.7
1700,Uusimaa,1995,male,317.4
1701,Uusimaa,1996,combined,306.7
1702,Uusimaa,1996,female,292.7
1703,Uusimaa,1996,male,322.7
1704,Uusimaa,1997,combined,313.1
1705,Uusimaa,1997,female,300.3
1706,Uusimaa,1997,male,327.7
1707,Uusimaa,1998,combined,319.3
1708,Uusimaa,1998,female,307.8
1709,Uusimaa,1998,male,332.3
1710,Uusimaa,1999,combined,325.4
1711,Uusimaa,1999,female,315.2
1712,Uusimaa,1999,male,336.8
1713,Uusimaa,2000,combined,331.1
1714,Uusimaa,2000,female,322.6
1715,Uusimaa,2000,male,340.6
1716,Uusimaa,2001,combined,336.5
1717,Uusimaa,2001,female,329.8
1718,Uusimaa,2001,male,344.0
1719,Uusimaa,2002,combined,340.8
1720,Uusimaa,2002,female,335.0
1721,Uusimaa,2002,male,347.3
1722,Uusimaa,2003,combined,345.9
1723,Uusimaa,2003,female,341.8
1724,Uusimaa,2003,male,350.5
1725,Uusimaa,2004,combined,351.0
1726,Uusimaa,2004,female,348.4
1727,Uusimaa,2004,male,353.8
1728,Uusimaa,2005,combined,355.4
1729,Uusimaa,2005,female,354.3
1730,Uusimaa,2005,male,356.5
1731,Uusimaa,2006,combined,360.7
1732,Uusimaa,2006,female,361.2
1733,Uusimaa,2006,male,360.0
1734,Uusimaa,2007,combined,365.2
1735,Uusimaa,2007,female,367.5
1736,Uusimaa,2007,male,362.8
1737,Uusimaa,2008,combined,372.0
1738,Uusimaa,2008,female,376.6
1739,Uusimaa,2008,male,367.0
1740,Uusimaa,2009,combined,376.4
1741,Uusimaa,2009,female,382.1
1742,Uusimaa,2009,male,370.1
1743,Uusimaa,2010,combined,381.5
1744,Uusimaa,2010,female,388.0
1745,Uusimaa,2010,male,374.4
1746,Uusimaa,2011,combined,385.7
1747,Uusimaa,2011,female,393.6
1748,Uusimaa,2011,male,377.2
1749,Uusimaa,2012,combined,389.9
1750,Uusimaa,2012,female,399.0
1751,Uusimaa,2012,male,379.9
1752,Uusimaa,2013,combined,395.7
1753,Uusimaa,2013,female,405.8
1754,Uusimaa,2013,male,384.7
1755,Uusimaa,2014,combined,399.5
1756,Uusimaa,2014,female,410.7
1757,Uusimaa,2014,male,387.2
1758,Uusimaa,2015,combined,401.8
1759,Uusimaa,2015,female,414.4
1760,Uusimaa,2015,male,388.1
1761,Uusimaa,2016,combined,406.0
1762,Uusimaa,2016,female,419.8
1763,Uusimaa,2016,male,391.0
1764,Uusimaa,2017,combined,411.9
1765,Uusimaa,2017,female,426.6
1766,Uusimaa,2017,male,395.9
1767,Uusimaa,2018,combined,423.3
1768,Uusimaa,2018,female,438.4
1769,Uusimaa,2018,male,407.0
1770,Uusimaa,2019,combined,427.1
1771,Uusimaa,2019,female,443.5
1772,Uusimaa,2019,male,409.5
1773,Uusimaa,2020,combined,431.2
1774,Uusimaa,2020,female,449.0
1775,Uusimaa,2020,male,412.2
1776,Uusimaa,2021,combined,433.8
1777,Uusimaa,2021,female,453.1
1778,Uusimaa,2021,male,413.2
1779,Uusimaa,2022,combined,434.2
1780,Uusimaa,2022,female,455.2
1781,Uusimaa,2022,male,411.8
1782,Åland,1990,combined,207.0
1783,Åland,1990,female,183.8
1784,Åland,1990,male,232.0
1785,Åland,1991,combined,210.3
1786,Åland,1991,female,188.4
1787,Åland,1991,male,233.9
1788,Åland,1992,combined,214.7
1789,Åland,1992,female,193.6
1790,Åland,1992,male,237.3
1791,Åland,1993,combined,219.4
1792,Åland,1993,female,199.1
1793,Åland,1993,male,241.1
1794,Åland,1994,combined,224.0
1795,Åland,1994,female,204.3
1796,Åland,1994,male,244.9
1797,Åland,1995,combined,229.0
1798,Åland,1995,female,211.0
1799,Åland,1995,male,248.2
1800,Åland,1996,combined,233.3
1801,Åland,1996,female,217.2
1802,Åland,1996,male,250.4
1803,Åland,1997,combined,236.4
1804,Åland,1997,female,220.5
1805,Åland,1997,male,253.4
1806,Åland,1998,combined,240.2
1807,Åland,1998,female,225.7
1808,Åland,1998,male,255.7
1809,Åland,1999,combined,244.8
1810,Åland,1999,female,231.2
1811,Åland,1999,male,259.2
1812,Åland,2000,combined,247.3
1813,Åland,2000,female,234.9
1814,Åland,2000,male,260.4
1815,Åland,2001,combined,253.3
1816,Åland,2001,female,242.0
1817,Åland,2001,male,265.3
1818,Åland,2002,combined,255.7
1819,Åland,2002,female,245.2
1820,Åland,2002,male,266.9
1821,Åland,2003,combined,256.3
1822,Åland,2003,female,246.0
1823,Åland,2003,male,267.4
1824,Åland,2004,combined,258.5
1825,Åland,2004,female,250.5
1826,Åland,2004,male,267.0
1827,Åland,2005,combined,261.6
1828,Åland,2005,female,255.7
1829,Åland,2005,male,267.8
1830,Åland,2006,combined,266.1
1831,Åland,2006,female,261.6
1832,Åland,2006,male,270.9
1833,Åland,2007,combined,269.0
1834,Åland,2007,female,265.6
1835,Åland,2007,male,272.6
1836,Åland,2008,combined,272.0
1837,Åland,2008,female,270.3
1838,Åland,2008,male,273.7
1839,Åland,2009,combined,274.6
1840,Åland,2009,female,275.1
1841,Åland,2009,male,274.0
1842,Åland,2010,combined,276.2
1843,Åland,2010,female,278.9
1844,Åland,2010,male,273.4
1845,Åland,2011,combined,278.6
1846,Åland,2011,female,283.4
1847,Åland,2011,male,273.8
1848,Åland,2012,combined,282.3
1849,Åland,2012,female,288.1
1850,Åland,2012,male,276.4
1851,Åland,2013,combined,288.9
1852,Åland,2013,female,295.6
1853,Åland,2013,male,282.0
1854,Åland,2014,combined,291.0
1855,Åland,2014,female,298.5
1856,Åland,2014,male,283.3
1857,Åland,2015,combined,289.6
1858,Åland,2015,female,298.2
1859,Åland,2015,male,280.9
1860,Åland,2016,combined,291.8
1861,Åland,2016,female,301.9
1862,Åland,2016,male,281.6
1863,Åland,2017,combined,331.8
1864,Åland,2017,female,344.4
1865,Åland,2017,male,318.8
1866,Åland,2018,combined,337.3
1867,Åland,2018,female,351.4
1868,Åland,2018,male,322.8
1869,Åland,2019,combined,341.2
1870,Åland,2019,female,356.8
1871,Åland,2019,male,325.0
1872,Åland,2020,combined,341.6
1873,Åland,2020,female,358.4
1874,Åland,2020,male,324.3
1875,Åland,2021,combined,344.7
1876,Åland,2021,female,363.2
1877,Åland,2021,male,325.7
1878,Åland,2022,combined,342.9
1879,Åland,2022,female,361.8
1880,Åland,2022,male,323.4
