"Total operating net municipal expenditure, euro per capita (up to 2020)";"1074";"Central Finland";"13";"combined";1993;2753.7;
"Total operating net municipal expenditure, euro per capita (up to 2020)";"1074";"Central Finland";"13";"combined";1994;2656.4;
"Total operating net municipal expenditure, euro per capita (up to 2020)";"1074";"Central Finland";"13";"combined";1995;2833.8;
"Total operating net municipal expenditure, euro per capita (up to 2020)";"1074";"Central Finland";"13";"combined";1996;2943.6;
"Total operating net municipal expenditure, euro per capita (up to 2020)";"1074";"Central Finland";"13";"combined";1997;2690.9;
"Total operating net municipal expenditure, euro per capita (up to 2020)";"1074";"Central Finland";"13";"combined";1998;2746.2;
"Total operating net municipal expenditure, euro per capita (up to 2020)";"1074";"Central Finland";"13";"combined";1999;2813.1;
"Total operating net municipal expenditure, euro per capita (up to 2020)";"1074";"Central Finland";"13";"combined";2000;2933.7;
"Total operating net municipal expenditure, euro per capita (up to 2020)";"1074";"Central Finland";"13";"combined";2001;3149.7;
"Total operating net municipal expenditure, euro per capita (up to 2020)";"1074";"Central Finland";"13";"combined";2002;3349.3;
"Total operating net municipal expenditure, euro per capita (up to 2020)";"1074";"Central Finland";"13";"combined";2003;3519.7;
"Total operating net municipal expenditure, euro per capita (up to 2020)";"1074";"Central Finland";"13";"combined";2004;3660.7;
"Total operating net municipal expenditure, euro per capita (up to 2020)";"1074";"Central Finland";"13";"combined";2005;3767.8;
"Total operating net municipal expenditure, euro per capita (up to 2020)";"1074";"Central Finland";"13";"combined";2006;3864.6;
"Total operating net municipal expenditure, euro per capita (up to 2020)";"1074";"Central Finland";"13";"combined";2007;4021.9;
"Total operating net municipal expenditure, euro per capita (up to 2020)";"1074";"Central Finland";"13";"combined";2008;4449.2;
"Total operating net municipal expenditure, euro per capita (up to 2020)";"1074";"Central Finland";"13";"combined";2009;4567.7;
"Total operating net municipal expenditure, euro per capita (up to 2020)";"1074";"Central Finland";"13";"combined";2010;4668.6;
"Total operating net municipal expenditure, euro per capita (up to 2020)";"1074";"Central Finland";"13";"combined";2011;4920.3;
"Total operating net municipal expenditure, euro per capita (up to 2020)";"1074";"Central Finland";"13";"combined";2012;5187.7;
"Total operating net municipal expenditure, euro per capita (up to 2020)";"1074";"Central Finland";"13";"combined";2013;5357.3;
"Total operating net municipal expenditure, euro per capita (up to 2020)";"1074";"Central Finland";"13";"combined";2014;5350.3;
"Total operating net municipal expenditure, euro per capita (up to 2020)";"1074";"Central Finland";"13";"combined";2015;5406.5;
"Total operating net municipal expenditure, euro per capita (up to 2020)";"1074";"Central Finland";"13";"combined";2016;5508.9;
"Total operating net municipal expenditure, euro per capita (up to 2020)";"1074";"Central Finland";"13";"combined";2017;5486.5;
"Total operating net municipal expenditure, euro per capita (up to 2020)";"1074";"Central Finland";"13";"combined";2018;5599.3;
"Total operating net municipal expenditure, euro per capita (up to 2020)";"1074";"Central Finland";"13";"combined";2019;5895.6;
"Total operating net municipal expenditure, euro per capita (up to 2020)";"1074";"Central Finland";"13";"combined";2020;6006.9;
"Total operating net municipal expenditure, euro per capita (up to 2020)";"1074";"Central Ostrobothnia";"16";"combined";1993;2544.1;
"Total operating net municipal expenditure, euro per capita (up to 2020)";"1074";"Central Ostrobothnia";"16";"combined";1994;2585.1;
"Total operating net municipal expenditure, euro per capita (up to 2020)";"1074";"Central Ostrobothnia";"16";"combined";1995;2810.9;
"Total operating net municipal expenditure, euro per capita (up to 2020)";"1074";"Central Ostrobothnia";"16";"combined";1996;2967.4;
"Total operating net municipal expenditure, euro per capita (up to 2020)";"1074";"Central Ostrobothnia";"16";"combined";1997;2628.2;
"Total operating net municipal expenditure, euro per capita (up to 2020)";"1074";"Central Ostrobothnia";"16";"combined";1998;2660.6;
"Total operating net municipal expenditure, euro per capita (up to 2020)";"1074";"Central Ostrobothnia";"16";"combined";1999;2743.4;
"Total operating net municipal expenditure, euro per capita (up to 2020)";"1074";"Central Ostrobothnia";"16";"combined";2000;2895.7;
"Total operating net municipal expenditure, euro per capita (up to 2020)";"1074";"Central Ostrobothnia";"16";"combined";2001;3132.4;
"Total operating net municipal expenditure, euro per capita (up to 2020)";"1074";"Central Ostrobothnia";"16";"combined";2002;3317.0;
"Total operating net municipal expenditure, euro per capita (up to 2020)";"1074";"Central Ostrobothnia";"16";"combined";2003;3514.0;
"Total operating net municipal expenditure, euro per capita (up to 2020)";"1074";"Central Ostrobothnia";"16";"combined";2004;3732.0;
"Total operating net municipal expenditure, euro per capita (up to 2020)";"1074";"Central Ostrobothnia";"16";"combined";2005;3868.2;
"Total operating net municipal expenditure, euro per capita (up to 2020)";"1074";"Central Ostrobothnia";"16";"combined";2006;4014.9;
"Total operating net municipal expenditure, euro per capita (up to 2020)";"1074";"Central Ostrobothnia";"16";"combined";2007;4235.2;
"Total operating net municipal expenditure, euro per capita (up to 2020)";"1074";"Central Ostrobothnia";"16";"combined";2008;4569.3;
"Total operating net municipal expenditure, euro per capita (up to 2020)";"1074";"Central Ostrobothnia";"16";"combined";2009;4727.6;
"Total operating net municipal expenditure, euro per capita (up to 2020)";"1074";"Central Ostrobothnia";"16";"combined";2010;4967.3;
"Total operating net municipal expenditure, euro per capita (up to 2020)";"1074";"Central Ostrobothnia";"16";"combined";2011;5280.4;
"Total operating net municipal expenditure, euro per capita (up to 2020)";"1074";"Central Ostrobothnia";"16";"combined";2012;5506.8;
"Total operating net municipal expenditure, euro per capita (up to 2020)";"1074";"Central Ostrobothnia";"16";"combined";2013;5598.8;
"Total operating net municipal expenditure, euro per capita (up to 2020)";"1074";"Central Ostrobothnia";"16";"combined";2014;5617.4;
"Total operating net municipal expenditure, euro per capita (up to 2020)";"1074";"Central Ostrobothnia";"16";"combined";2015;5669.6;
"Total operating net municipal expenditure, euro per capita (up to 2020)";"1074";"Central Ostrobothnia";"16";"combined";2016;5854.8;
"Total operating net municipal expenditure, euro per capita (up to 2020)";"1074";"Central Ostrobothnia";"16";"combined";2017;5869.1;
"Total operating net municipal expenditure, euro per capita (up to 2020)";"1074";"Central Ostrobothnia";"16";"combined";2018;6029.3;
"Total operating net municipal expenditure, euro per capita (up to 2020)";"1074";"Central Ostrobothnia";"16";"combined";2019;6241.0;
"Total operating net municipal expenditure, euro per capita (up to 2020)";"1074";"Central Ostrobothnia";"16";"combined";2020;6456.1;
"Total operating net municipal expenditure, euro per capita (up to 2020)";"1074";"Kainuu";"18";"combined";1993;2935.4;
"Total operating net municipal expenditure, euro per capita (up to 2020)";"1074";"Kainuu";"18";"combined";1994;2997.4;
"Total operating net municipal expenditure, euro per capita (up to 2020)";"1074";"Kainuu";"18";"combined";1995;3156.0;
"Total operating net municipal expenditure, euro per capita (up to 2020)";"1074";"Kainuu";"18";"combined";1996;3219.6;
"Total operating net municipal expenditure, euro per capita (up to 2020)";"1074";"Kainuu";"18";"combined";1997;3044.8;
"Total operating net municipal expenditure, euro per capita (up to 2020)";"1074";"Kainuu";"18";"combined";1998;3139.2;
"Total operating net municipal expenditure, euro per capita (up to 2020)";"1074";"Kainuu";"18";"combined";1999;3189.9;
"Total operating net municipal expenditure, euro per capita (up to 2020)";"1074";"Kainuu";"18";"combined";2000;3347.5;
"Total operating net municipal expenditure, euro per capita (up to 2020)";"1074";"Kainuu";"18";"combined";2001;3571.6;
"Total operating net municipal expenditure, euro per capita (up to 2020)";"1074";"Kainuu";"18";"combined";2002;3756.2;
"Total operating net municipal expenditure, euro per capita (up to 2020)";"1074";"Kainuu";"18";"combined";2003;3983.2;
"Total operating net municipal expenditure, euro per capita (up to 2020)";"1074";"Kainuu";"18";"combined";2004;3937.2;
"Total operating net municipal expenditure, euro per capita (up to 2020)";"1074";"Kainuu";"18";"combined";2005;3880.2;
"Total operating net municipal expenditure, euro per capita (up to 2020)";"1074";"Kainuu";"18";"combined";2006;4159.0;
"Total operating net municipal expenditure, euro per capita (up to 2020)";"1074";"Kainuu";"18";"combined";2007;4363.9;
"Total operating net municipal expenditure, euro per capita (up to 2020)";"1074";"Kainuu";"18";"combined";2008;4701.4;
"Total operating net municipal expenditure, euro per capita (up to 2020)";"1074";"Kainuu";"18";"combined";2009;4952.2;
"Total operating net municipal expenditure, euro per capita (up to 2020)";"1074";"Kainuu";"18";"combined";2010;5160.3;
"Total operating net municipal expenditure, euro per capita (up to 2020)";"1074";"Kainuu";"18";"combined";2011;5666.0;
"Total operating net municipal expenditure, euro per capita (up to 2020)";"1074";"Kainuu";"18";"combined";2012;5787.9;
"Total operating net municipal expenditure, euro per capita (up to 2020)";"1074";"Kainuu";"18";"combined";2013;6549.5;
"Total operating net municipal expenditure, euro per capita (up to 2020)";"1074";"Kainuu";"18";"combined";2014;6522.9;
"Total operating net municipal expenditure, euro per capita (up to 2020)";"1074";"Kainuu";"18";"combined";2015;6828.9;
"Total operating net municipal expenditure, euro per capita (up to 2020)";"1074";"Kainuu";"18";"combined";2016;6824.3;
"Total operating net municipal expenditure, euro per capita (up to 2020)";"1074";"Kainuu";"18";"combined";2017;6963.0;
"Total operating net municipal expenditure, euro per capita (up to 2020)";"1074";"Kainuu";"18";"combined";2018;7268.9;
"Total operating net municipal expenditure, euro per capita (up to 2020)";"1074";"Kainuu";"18";"combined";2019;7574.1;
"Total operating net municipal expenditure, euro per capita (up to 2020)";"1074";"Kainuu";"18";"combined";2020;7872.9;
"Total operating net municipal expenditure, euro per capita (up to 2020)";"1074";"Kanta-Häme";"05";"combined";1993;2608.2;
"Total operating net municipal expenditure, euro per capita (up to 2020)";"1074";"Kanta-Häme";"05";"combined";1994;2694.6;
"Total operating net municipal expenditure, euro per capita (up to 2020)";"1074";"Kanta-Häme";"05";"combined";1995;2818.7;
"Total operating net municipal expenditure, euro per capita (up to 2020)";"1074";"Kanta-Häme";"05";"combined";1996;2942.2;
"Total operating net municipal expenditure, euro per capita (up to 2020)";"1074";"Kanta-Häme";"05";"combined";1997;2605.1;
"Total operating net municipal expenditure, euro per capita (up to 2020)";"1074";"Kanta-Häme";"05";"combined";1998;2660.8;
"Total operating net municipal expenditure, euro per capita (up to 2020)";"1074";"Kanta-Häme";"05";"combined";1999;2668.8;
"Total operating net municipal expenditure, euro per capita (up to 2020)";"1074";"Kanta-Häme";"05";"combined";2000;2746.8;
"Total operating net municipal expenditure, euro per capita (up to 2020)";"1074";"Kanta-Häme";"05";"combined";2001;2889.2;
"Total operating net municipal expenditure, euro per capita (up to 2020)";"1074";"Kanta-Häme";"05";"combined";2002;3074.9;
"Total operating net municipal expenditure, euro per capita (up to 2020)";"1074";"Kanta-Häme";"05";"combined";2003;3263.8;
"Total operating net municipal expenditure, euro per capita (up to 2020)";"1074";"Kanta-Häme";"05";"combined";2004;3444.0;
"Total operating net municipal expenditure, euro per capita (up to 2020)";"1074";"Kanta-Häme";"05";"combined";2005;3624.9;
"Total operating net municipal expenditure, euro per capita (up to 2020)";"1074";"Kanta-Häme";"05";"combined";2006;3776.8;
"Total operating net municipal expenditure, euro per capita (up to 2020)";"1074";"Kanta-Häme";"05";"combined";2007;3944.8;
"Total operating net municipal expenditure, euro per capita (up to 2020)";"1074";"Kanta-Häme";"05";"combined";2008;4313.8;
"Total operating net municipal expenditure, euro per capita (up to 2020)";"1074";"Kanta-Häme";"05";"combined";2009;4428.3;
"Total operating net municipal expenditure, euro per capita (up to 2020)";"1074";"Kanta-Häme";"05";"combined";2010;4552.0;
"Total operating net municipal expenditure, euro per capita (up to 2020)";"1074";"Kanta-Häme";"05";"combined";2011;4804.3;
"Total operating net municipal expenditure, euro per capita (up to 2020)";"1074";"Kanta-Häme";"05";"combined";2012;5005.5;
"Total operating net municipal expenditure, euro per capita (up to 2020)";"1074";"Kanta-Häme";"05";"combined";2013;5105.8;
"Total operating net municipal expenditure, euro per capita (up to 2020)";"1074";"Kanta-Häme";"05";"combined";2014;5298.7;
"Total operating net municipal expenditure, euro per capita (up to 2020)";"1074";"Kanta-Häme";"05";"combined";2015;5330.7;
"Total operating net municipal expenditure, euro per capita (up to 2020)";"1074";"Kanta-Häme";"05";"combined";2016;5433.9;
"Total operating net municipal expenditure, euro per capita (up to 2020)";"1074";"Kanta-Häme";"05";"combined";2017;5435.2;
"Total operating net municipal expenditure, euro per capita (up to 2020)";"1074";"Kanta-Häme";"05";"combined";2018;5650.1;
"Total operating net municipal expenditure, euro per capita (up to 2020)";"1074";"Kanta-Häme";"05";"combined";2019;5655.6;
"Total operating net municipal expenditure, euro per capita (up to 2020)";"1074";"Kanta-Häme";"05";"combined";2020;5951.5;
"Total operating net municipal expenditure, euro per capita (up to 2020)";"1074";"Kymenlaakso";"08";"combined";1993;2632.8;
"Total operating net municipal expenditure, euro per capita (up to 2020)";"1074";"Kymenlaakso";"08";"combined";1994;2676.2;
"Total operating net municipal expenditure, euro per capita (up to 2020)";"1074";"Kymenlaakso";"08";"combined";1995;2772.1;
"Total operating net municipal expenditure, euro per capita (up to 2020)";"1074";"Kymenlaakso";"08";"combined";1996;2934.8;
"Total operating net municipal expenditure, euro per capita (up to 2020)";"1074";"Kymenlaakso";"08";"combined";1997;2611.8;
"Total operating net municipal expenditure, euro per capita (up to 2020)";"1074";"Kymenlaakso";"08";"combined";1998;2646.6;
"Total operating net municipal expenditure, euro per capita (up to 2020)";"1074";"Kymenlaakso";"08";"combined";1999;2801.1;
"Total operating net municipal expenditure, euro per capita (up to 2020)";"1074";"Kymenlaakso";"08";"combined";2000;2848.5;
"Total operating net municipal expenditure, euro per capita (up to 2020)";"1074";"Kymenlaakso";"08";"combined";2001;3114.5;
"Total operating net municipal expenditure, euro per capita (up to 2020)";"1074";"Kymenlaakso";"08";"combined";2002;3295.3;
"Total operating net municipal expenditure, euro per capita (up to 2020)";"1074";"Kymenlaakso";"08";"combined";2003;3449.7;
"Total operating net municipal expenditure, euro per capita (up to 2020)";"1074";"Kymenlaakso";"08";"combined";2004;3714.6;
"Total operating net municipal expenditure, euro per capita (up to 2020)";"1074";"Kymenlaakso";"08";"combined";2005;3901.2;
"Total operating net municipal expenditure, euro per capita (up to 2020)";"1074";"Kymenlaakso";"08";"combined";2006;3949.0;
"Total operating net municipal expenditure, euro per capita (up to 2020)";"1074";"Kymenlaakso";"08";"combined";2007;4053.4;
"Total operating net municipal expenditure, euro per capita (up to 2020)";"1074";"Kymenlaakso";"08";"combined";2008;4431.3;
"Total operating net municipal expenditure, euro per capita (up to 2020)";"1074";"Kymenlaakso";"08";"combined";2009;4839.9;
"Total operating net municipal expenditure, euro per capita (up to 2020)";"1074";"Kymenlaakso";"08";"combined";2010;4911.7;
"Total operating net municipal expenditure, euro per capita (up to 2020)";"1074";"Kymenlaakso";"08";"combined";2011;5234.7;
"Total operating net municipal expenditure, euro per capita (up to 2020)";"1074";"Kymenlaakso";"08";"combined";2012;5619.4;
"Total operating net municipal expenditure, euro per capita (up to 2020)";"1074";"Kymenlaakso";"08";"combined";2013;5770.5;
"Total operating net municipal expenditure, euro per capita (up to 2020)";"1074";"Kymenlaakso";"08";"combined";2014;5872.6;
"Total operating net municipal expenditure, euro per capita (up to 2020)";"1074";"Kymenlaakso";"08";"combined";2015;5921.8;
"Total operating net municipal expenditure, euro per capita (up to 2020)";"1074";"Kymenlaakso";"08";"combined";2016;6037.3;
"Total operating net municipal expenditure, euro per capita (up to 2020)";"1074";"Kymenlaakso";"08";"combined";2017;6050.8;
"Total operating net municipal expenditure, euro per capita (up to 2020)";"1074";"Kymenlaakso";"08";"combined";2018;6344.4;
"Total operating net municipal expenditure, euro per capita (up to 2020)";"1074";"Kymenlaakso";"08";"combined";2019;6540.1;
"Total operating net municipal expenditure, euro per capita (up to 2020)";"1074";"Kymenlaakso";"08";"combined";2020;6790.0;
"Total operating net municipal expenditure, euro per capita (up to 2020)";"1074";"Lapland";"19";"combined";1993;3174.2;
"Total operating net municipal expenditure, euro per capita (up to 2020)";"1074";"Lapland";"19";"combined";1994;3260.1;
"Total operating net municipal expenditure, euro per capita (up to 2020)";"1074";"Lapland";"19";"combined";1995;3408.3;
"Total operating net municipal expenditure, euro per capita (up to 2020)";"1074";"Lapland";"19";"combined";1996;3449.6;
"Total operating net municipal expenditure, euro per capita (up to 2020)";"1074";"Lapland";"19";"combined";1997;3003.2;
"Total operating net municipal expenditure, euro per capita (up to 2020)";"1074";"Lapland";"19";"combined";1998;3051.6;
"Total operating net municipal expenditure, euro per capita (up to 2020)";"1074";"Lapland";"19";"combined";1999;3112.1;
"Total operating net municipal expenditure, euro per capita (up to 2020)";"1074";"Lapland";"19";"combined";2000;3257.1;
"Total operating net municipal expenditure, euro per capita (up to 2020)";"1074";"Lapland";"19";"combined";2001;3469.6;
"Total operating net municipal expenditure, euro per capita (up to 2020)";"1074";"Lapland";"19";"combined";2002;3653.8;
"Total operating net municipal expenditure, euro per capita (up to 2020)";"1074";"Lapland";"19";"combined";2003;3825.8;
"Total operating net municipal expenditure, euro per capita (up to 2020)";"1074";"Lapland";"19";"combined";2004;3960.9;
"Total operating net municipal expenditure, euro per capita (up to 2020)";"1074";"Lapland";"19";"combined";2005;4154.1;
"Total operating net municipal expenditure, euro per capita (up to 2020)";"1074";"Lapland";"19";"combined";2006;4333.1;
"Total operating net municipal expenditure, euro per capita (up to 2020)";"1074";"Lapland";"19";"combined";2007;4473.2;
"Total operating net municipal expenditure, euro per capita (up to 2020)";"1074";"Lapland";"19";"combined";2008;4733.7;
"Total operating net municipal expenditure, euro per capita (up to 2020)";"1074";"Lapland";"19";"combined";2009;4935.6;
"Total operating net municipal expenditure, euro per capita (up to 2020)";"1074";"Lapland";"19";"combined";2010;5148.0;
"Total operating net municipal expenditure, euro per capita (up to 2020)";"1074";"Lapland";"19";"combined";2011;5436.2;
"Total operating net municipal expenditure, euro per capita (up to 2020)";"1074";"Lapland";"19";"combined";2012;5824.0;
"Total operating net municipal expenditure, euro per capita (up to 2020)";"1074";"Lapland";"19";"combined";2013;6032.3;
"Total operating net municipal expenditure, euro per capita (up to 2020)";"1074";"Lapland";"19";"combined";2014;6217.3;
"Total operating net municipal expenditure, euro per capita (up to 2020)";"1074";"Lapland";"19";"combined";2015;6382.7;
"Total operating net municipal expenditure, euro per capita (up to 2020)";"1074";"Lapland";"19";"combined";2016;6372.6;
"Total operating net municipal expenditure, euro per capita (up to 2020)";"1074";"Lapland";"19";"combined";2017;6367.7;
"Total operating net municipal expenditure, euro per capita (up to 2020)";"1074";"Lapland";"19";"combined";2018;6659.1;
"Total operating net municipal expenditure, euro per capita (up to 2020)";"1074";"Lapland";"19";"combined";2019;6944.3;
"Total operating net municipal expenditure, euro per capita (up to 2020)";"1074";"Lapland";"19";"combined";2020;7016.3;
"Total operating net municipal expenditure, euro per capita (up to 2020)";"1074";"North Karelia";"12";"combined";1993;2918.5;
"Total operating net municipal expenditure, euro per capita (up to 2020)";"1074";"North Karelia";"12";"combined";1994;2932.5;
"Total operating net municipal expenditure, euro per capita (up to 2020)";"1074";"North Karelia";"12";"combined";1995;3020.4;
"Total operating net municipal expenditure, euro per capita (up to 2020)";"1074";"North Karelia";"12";"combined";1996;3146.8;
"Total operating net municipal expenditure, euro per capita (up to 2020)";"1074";"North Karelia";"12";"combined";1997;2720.0;
"Total operating net municipal expenditure, euro per capita (up to 2020)";"1074";"North Karelia";"12";"combined";1998;2722.6;
"Total operating net municipal expenditure, euro per capita (up to 2020)";"1074";"North Karelia";"12";"combined";1999;2781.2;
"Total operating net municipal expenditure, euro per capita (up to 2020)";"1074";"North Karelia";"12";"combined";2000;2924.2;
"Total operating net municipal expenditure, euro per capita (up to 2020)";"1074";"North Karelia";"12";"combined";2001;3083.3;
"Total operating net municipal expenditure, euro per capita (up to 2020)";"1074";"North Karelia";"12";"combined";2002;3273.0;
"Total operating net municipal expenditure, euro per capita (up to 2020)";"1074";"North Karelia";"12";"combined";2003;3451.3;
"Total operating net municipal expenditure, euro per capita (up to 2020)";"1074";"North Karelia";"12";"combined";2004;3612.5;
"Total operating net municipal expenditure, euro per capita (up to 2020)";"1074";"North Karelia";"12";"combined";2005;3768.2;
"Total operating net municipal expenditure, euro per capita (up to 2020)";"1074";"North Karelia";"12";"combined";2006;4118.6;
"Total operating net municipal expenditure, euro per capita (up to 2020)";"1074";"North Karelia";"12";"combined";2007;4332.7;
"Total operating net municipal expenditure, euro per capita (up to 2020)";"1074";"North Karelia";"12";"combined";2008;4670.2;
"Total operating net municipal expenditure, euro per capita (up to 2020)";"1074";"North Karelia";"12";"combined";2009;4836.4;
"Total operating net municipal expenditure, euro per capita (up to 2020)";"1074";"North Karelia";"12";"combined";2010;5008.8;
"Total operating net municipal expenditure, euro per capita (up to 2020)";"1074";"North Karelia";"12";"combined";2011;5193.5;
"Total operating net municipal expenditure, euro per capita (up to 2020)";"1074";"North Karelia";"12";"combined";2012;5119.7;
"Total operating net municipal expenditure, euro per capita (up to 2020)";"1074";"North Karelia";"12";"combined";2013;5463.3;
"Total operating net municipal expenditure, euro per capita (up to 2020)";"1074";"North Karelia";"12";"combined";2014;5534.9;
"Total operating net municipal expenditure, euro per capita (up to 2020)";"1074";"North Karelia";"12";"combined";2015;5706.6;
"Total operating net municipal expenditure, euro per capita (up to 2020)";"1074";"North Karelia";"12";"combined";2016;5866.2;
"Total operating net municipal expenditure, euro per capita (up to 2020)";"1074";"North Karelia";"12";"combined";2017;5807.2;
"Total operating net municipal expenditure, euro per capita (up to 2020)";"1074";"North Karelia";"12";"combined";2018;5911.0;
"Total operating net municipal expenditure, euro per capita (up to 2020)";"1074";"North Karelia";"12";"combined";2019;6145.7;
"Total operating net municipal expenditure, euro per capita (up to 2020)";"1074";"North Karelia";"12";"combined";2020;6358.5;
"Total operating net municipal expenditure, euro per capita (up to 2020)";"1074";"North Ostrobothnia";"17";"combined";1993;2696.5;
"Total operating net municipal expenditure, euro per capita (up to 2020)";"1074";"North Ostrobothnia";"17";"combined";1994;2803.0;
"Total operating net municipal expenditure, euro per capita (up to 2020)";"1074";"North Ostrobothnia";"17";"combined";1995;2951.3;
"Total operating net municipal expenditure, euro per capita (up to 2020)";"1074";"North Ostrobothnia";"17";"combined";1996;3071.2;
"Total operating net municipal expenditure, euro per capita (up to 2020)";"1074";"North Ostrobothnia";"17";"combined";1997;2770.1;
"Total operating net municipal expenditure, euro per capita (up to 2020)";"1074";"North Ostrobothnia";"17";"combined";1998;2759.7;
"Total operating net municipal expenditure, euro per capita (up to 2020)";"1074";"North Ostrobothnia";"17";"combined";1999;2826.7;
"Total operating net municipal expenditure, euro per capita (up to 2020)";"1074";"North Ostrobothnia";"17";"combined";2000;2949.2;
"Total operating net municipal expenditure, euro per capita (up to 2020)";"1074";"North Ostrobothnia";"17";"combined";2001;3114.2;
"Total operating net municipal expenditure, euro per capita (up to 2020)";"1074";"North Ostrobothnia";"17";"combined";2002;3344.3;
"Total operating net municipal expenditure, euro per capita (up to 2020)";"1074";"North Ostrobothnia";"17";"combined";2003;3488.1;
"Total operating net municipal expenditure, euro per capita (up to 2020)";"1074";"North Ostrobothnia";"17";"combined";2004;3712.3;
"Total operating net municipal expenditure, euro per capita (up to 2020)";"1074";"North Ostrobothnia";"17";"combined";2005;3856.2;
"Total operating net municipal expenditure, euro per capita (up to 2020)";"1074";"North Ostrobothnia";"17";"combined";2006;4013.4;
"Total operating net municipal expenditure, euro per capita (up to 2020)";"1074";"North Ostrobothnia";"17";"combined";2007;4182.0;
"Total operating net municipal expenditure, euro per capita (up to 2020)";"1074";"North Ostrobothnia";"17";"combined";2008;4502.9;
"Total operating net municipal expenditure, euro per capita (up to 2020)";"1074";"North Ostrobothnia";"17";"combined";2009;4676.0;
"Total operating net municipal expenditure, euro per capita (up to 2020)";"1074";"North Ostrobothnia";"17";"combined";2010;4785.3;
"Total operating net municipal expenditure, euro per capita (up to 2020)";"1074";"North Ostrobothnia";"17";"combined";2011;5028.0;
"Total operating net municipal expenditure, euro per capita (up to 2020)";"1074";"North Ostrobothnia";"17";"combined";2012;5245.4;
"Total operating net municipal expenditure, euro per capita (up to 2020)";"1074";"North Ostrobothnia";"17";"combined";2013;5443.3;
"Total operating net municipal expenditure, euro per capita (up to 2020)";"1074";"North Ostrobothnia";"17";"combined";2014;5487.3;
"Total operating net municipal expenditure, euro per capita (up to 2020)";"1074";"North Ostrobothnia";"17";"combined";2015;5524.0;
"Total operating net municipal expenditure, euro per capita (up to 2020)";"1074";"North Ostrobothnia";"17";"combined";2016;5696.1;
"Total operating net municipal expenditure, euro per capita (up to 2020)";"1074";"North Ostrobothnia";"17";"combined";2017;5660.9;
"Total operating net municipal expenditure, euro per capita (up to 2020)";"1074";"North Ostrobothnia";"17";"combined";2018;5853.8;
"Total operating net municipal expenditure, euro per capita (up to 2020)";"1074";"North Ostrobothnia";"17";"combined";2019;6145.3;
"Total operating net municipal expenditure, euro per capita (up to 2020)";"1074";"North Ostrobothnia";"17";"combined";2020;6297.0;
"Total operating net municipal expenditure, euro per capita (up to 2020)";"1074";"North Savo";"11";"combined";1993;2784.9;
"Total operating net municipal expenditure, euro per capita (up to 2020)";"1074";"North Savo";"11";"combined";1994;2851.2;
"Total operating net municipal expenditure, euro per capita (up to 2020)";"1074";"North Savo";"11";"combined";1995;2932.6;
"Total operating net municipal expenditure, euro per capita (up to 2020)";"1074";"North Savo";"11";"combined";1996;3076.3;
"Total operating net municipal expenditure, euro per capita (up to 2020)";"1074";"North Savo";"11";"combined";1997;2737.5;
"Total operating net municipal expenditure, euro per capita (up to 2020)";"1074";"North Savo";"11";"combined";1998;2803.0;
"Total operating net municipal expenditure, euro per capita (up to 2020)";"1074";"North Savo";"11";"combined";1999;2832.7;
"Total operating net municipal expenditure, euro per capita (up to 2020)";"1074";"North Savo";"11";"combined";2000;2973.7;
"Total operating net municipal expenditure, euro per capita (up to 2020)";"1074";"North Savo";"11";"combined";2001;3142.1;
"Total operating net municipal expenditure, euro per capita (up to 2020)";"1074";"North Savo";"11";"combined";2002;3356.1;
"Total operating net municipal expenditure, euro per capita (up to 2020)";"1074";"North Savo";"11";"combined";2003;3495.2;
"Total operating net municipal expenditure, euro per capita (up to 2020)";"1074";"North Savo";"11";"combined";2004;3698.5;
"Total operating net municipal expenditure, euro per capita (up to 2020)";"1074";"North Savo";"11";"combined";2005;3856.5;
"Total operating net municipal expenditure, euro per capita (up to 2020)";"1074";"North Savo";"11";"combined";2006;4004.8;
"Total operating net municipal expenditure, euro per capita (up to 2020)";"1074";"North Savo";"11";"combined";2007;4215.5;
"Total operating net municipal expenditure, euro per capita (up to 2020)";"1074";"North Savo";"11";"combined";2008;4503.4;
"Total operating net municipal expenditure, euro per capita (up to 2020)";"1074";"North Savo";"11";"combined";2009;4688.8;
"Total operating net municipal expenditure, euro per capita (up to 2020)";"1074";"North Savo";"11";"combined";2010;4860.4;
"Total operating net municipal expenditure, euro per capita (up to 2020)";"1074";"North Savo";"11";"combined";2011;5052.6;
"Total operating net municipal expenditure, euro per capita (up to 2020)";"1074";"North Savo";"11";"combined";2012;5369.3;
"Total operating net municipal expenditure, euro per capita (up to 2020)";"1074";"North Savo";"11";"combined";2013;5532.7;
"Total operating net municipal expenditure, euro per capita (up to 2020)";"1074";"North Savo";"11";"combined";2014;5645.8;
"Total operating net municipal expenditure, euro per capita (up to 2020)";"1074";"North Savo";"11";"combined";2015;5828.6;
"Total operating net municipal expenditure, euro per capita (up to 2020)";"1074";"North Savo";"11";"combined";2016;5943.6;
"Total operating net municipal expenditure, euro per capita (up to 2020)";"1074";"North Savo";"11";"combined";2017;5929.2;
"Total operating net municipal expenditure, euro per capita (up to 2020)";"1074";"North Savo";"11";"combined";2018;6149.6;
"Total operating net municipal expenditure, euro per capita (up to 2020)";"1074";"North Savo";"11";"combined";2019;6456.7;
"Total operating net municipal expenditure, euro per capita (up to 2020)";"1074";"North Savo";"11";"combined";2020;6626.9;
"Total operating net municipal expenditure, euro per capita (up to 2020)";"1074";"Ostrobothnia";"15";"combined";1993;2784.2;
"Total operating net municipal expenditure, euro per capita (up to 2020)";"1074";"Ostrobothnia";"15";"combined";1994;2836.3;
"Total operating net municipal expenditure, euro per capita (up to 2020)";"1074";"Ostrobothnia";"15";"combined";1995;2929.7;
"Total operating net municipal expenditure, euro per capita (up to 2020)";"1074";"Ostrobothnia";"15";"combined";1996;3075.9;
"Total operating net municipal expenditure, euro per capita (up to 2020)";"1074";"Ostrobothnia";"15";"combined";1997;2925.7;
"Total operating net municipal expenditure, euro per capita (up to 2020)";"1074";"Ostrobothnia";"15";"combined";1998;3031.8;
"Total operating net municipal expenditure, euro per capita (up to 2020)";"1074";"Ostrobothnia";"15";"combined";1999;3092.2;
"Total operating net municipal expenditure, euro per capita (up to 2020)";"1074";"Ostrobothnia";"15";"combined";2000;3218.0;
"Total operating net municipal expenditure, euro per capita (up to 2020)";"1074";"Ostrobothnia";"15";"combined";2001;3472.3;
"Total operating net municipal expenditure, euro per capita (up to 2020)";"1074";"Ostrobothnia";"15";"combined";2002;3678.0;
"Total operating net municipal expenditure, euro per capita (up to 2020)";"1074";"Ostrobothnia";"15";"combined";2003;3786.4;
"Total operating net municipal expenditure, euro per capita (up to 2020)";"1074";"Ostrobothnia";"15";"combined";2004;3958.7;
"Total operating net municipal expenditure, euro per capita (up to 2020)";"1074";"Ostrobothnia";"15";"combined";2005;4124.2;
"Total operating net municipal expenditure, euro per capita (up to 2020)";"1074";"Ostrobothnia";"15";"combined";2006;4188.6;
"Total operating net municipal expenditure, euro per capita (up to 2020)";"1074";"Ostrobothnia";"15";"combined";2007;4446.8;
"Total operating net municipal expenditure, euro per capita (up to 2020)";"1074";"Ostrobothnia";"15";"combined";2008;4803.1;
"Total operating net municipal expenditure, euro per capita (up to 2020)";"1074";"Ostrobothnia";"15";"combined";2009;5066.1;
"Total operating net municipal expenditure, euro per capita (up to 2020)";"1074";"Ostrobothnia";"15";"combined";2010;5133.5;
"Total operating net municipal expenditure, euro per capita (up to 2020)";"1074";"Ostrobothnia";"15";"combined";2011;5439.8;
"Total operating net municipal expenditure, euro per capita (up to 2020)";"1074";"Ostrobothnia";"15";"combined";2012;5723.4;
"Total operating net municipal expenditure, euro per capita (up to 2020)";"1074";"Ostrobothnia";"15";"combined";2013;5842.2;
"Total operating net municipal expenditure, euro per capita (up to 2020)";"1074";"Ostrobothnia";"15";"combined";2014;5455.5;
"Total operating net municipal expenditure, euro per capita (up to 2020)";"1074";"Ostrobothnia";"15";"combined";2015;5906.8;
"Total operating net municipal expenditure, euro per capita (up to 2020)";"1074";"Ostrobothnia";"15";"combined";2016;5924.8;
"Total operating net municipal expenditure, euro per capita (up to 2020)";"1074";"Ostrobothnia";"15";"combined";2017;5856.6;
"Total operating net municipal expenditure, euro per capita (up to 2020)";"1074";"Ostrobothnia";"15";"combined";2018;6013.6;
"Total operating net municipal expenditure, euro per capita (up to 2020)";"1074";"Ostrobothnia";"15";"combined";2019;6195.4;
"Total operating net municipal expenditure, euro per capita (up to 2020)";"1074";"Ostrobothnia";"15";"combined";2020;6346.1;
"Total operating net municipal expenditure, euro per capita (up to 2020)";"1074";"Pirkanmaa";"06";"combined";1993;2436.1;
"Total operating net municipal expenditure, euro per capita (up to 2020)";"1074";"Pirkanmaa";"06";"combined";1994;2440.5;
"Total operating net municipal expenditure, euro per capita (up to 2020)";"1074";"Pirkanmaa";"06";"combined";1995;2567.4;
"Total operating net municipal expenditure, euro per capita (up to 2020)";"1074";"Pirkanmaa";"06";"combined";1996;2700.5;
"Total operating net municipal expenditure, euro per capita (up to 2020)";"1074";"Pirkanmaa";"06";"combined";1997;2549.5;
"Total operating net municipal expenditure, euro per capita (up to 2020)";"1074";"Pirkanmaa";"06";"combined";1998;2623.1;
"Total operating net municipal expenditure, euro per capita (up to 2020)";"1074";"Pirkanmaa";"06";"combined";1999;2719.1;
"Total operating net municipal expenditure, euro per capita (up to 2020)";"1074";"Pirkanmaa";"06";"combined";2000;2839.4;
"Total operating net municipal expenditure, euro per capita (up to 2020)";"1074";"Pirkanmaa";"06";"combined";2001;3047.1;
"Total operating net municipal expenditure, euro per capita (up to 2020)";"1074";"Pirkanmaa";"06";"combined";2002;3221.5;
"Total operating net municipal expenditure, euro per capita (up to 2020)";"1074";"Pirkanmaa";"06";"combined";2003;3365.2;
"Total operating net municipal expenditure, euro per capita (up to 2020)";"1074";"Pirkanmaa";"06";"combined";2004;3644.9;
"Total operating net municipal expenditure, euro per capita (up to 2020)";"1074";"Pirkanmaa";"06";"combined";2005;3819.8;
"Total operating net municipal expenditure, euro per capita (up to 2020)";"1074";"Pirkanmaa";"06";"combined";2006;4018.3;
"Total operating net municipal expenditure, euro per capita (up to 2020)";"1074";"Pirkanmaa";"06";"combined";2007;4169.3;
"Total operating net municipal expenditure, euro per capita (up to 2020)";"1074";"Pirkanmaa";"06";"combined";2008;4422.9;
"Total operating net municipal expenditure, euro per capita (up to 2020)";"1074";"Pirkanmaa";"06";"combined";2009;4636.9;
"Total operating net municipal expenditure, euro per capita (up to 2020)";"1074";"Pirkanmaa";"06";"combined";2010;4670.4;
"Total operating net municipal expenditure, euro per capita (up to 2020)";"1074";"Pirkanmaa";"06";"combined";2011;4862.5;
"Total operating net municipal expenditure, euro per capita (up to 2020)";"1074";"Pirkanmaa";"06";"combined";2012;5155.5;
"Total operating net municipal expenditure, euro per capita (up to 2020)";"1074";"Pirkanmaa";"06";"combined";2013;5387.5;
"Total operating net municipal expenditure, euro per capita (up to 2020)";"1074";"Pirkanmaa";"06";"combined";2014;5472.3;
"Total operating net municipal expenditure, euro per capita (up to 2020)";"1074";"Pirkanmaa";"06";"combined";2015;5472.1;
"Total operating net municipal expenditure, euro per capita (up to 2020)";"1074";"Pirkanmaa";"06";"combined";2016;5516.8;
"Total operating net municipal expenditure, euro per capita (up to 2020)";"1074";"Pirkanmaa";"06";"combined";2017;5500.5;
"Total operating net municipal expenditure, euro per capita (up to 2020)";"1074";"Pirkanmaa";"06";"combined";2018;5624.3;
"Total operating net municipal expenditure, euro per capita (up to 2020)";"1074";"Pirkanmaa";"06";"combined";2019;5770.9;
"Total operating net municipal expenditure, euro per capita (up to 2020)";"1074";"Pirkanmaa";"06";"combined";2020;5899.4;
"Total operating net municipal expenditure, euro per capita (up to 2020)";"1074";"Päijät-Häme";"07";"combined";1993;2522.6;
"Total operating net municipal expenditure, euro per capita (up to 2020)";"1074";"Päijät-Häme";"07";"combined";1994;2496.7;
"Total operating net municipal expenditure, euro per capita (up to 2020)";"1074";"Päijät-Häme";"07";"combined";1995;2618.4;
"Total operating net municipal expenditure, euro per capita (up to 2020)";"1074";"Päijät-Häme";"07";"combined";1996;2785.1;
"Total operating net municipal expenditure, euro per capita (up to 2020)";"1074";"Päijät-Häme";"07";"combined";1997;2479.3;
"Total operating net municipal expenditure, euro per capita (up to 2020)";"1074";"Päijät-Häme";"07";"combined";1998;2544.5;
"Total operating net municipal expenditure, euro per capita (up to 2020)";"1074";"Päijät-Häme";"07";"combined";1999;2635.3;
"Total operating net municipal expenditure, euro per capita (up to 2020)";"1074";"Päijät-Häme";"07";"combined";2000;2752.8;
"Total operating net municipal expenditure, euro per capita (up to 2020)";"1074";"Päijät-Häme";"07";"combined";2001;2914.4;
"Total operating net municipal expenditure, euro per capita (up to 2020)";"1074";"Päijät-Häme";"07";"combined";2002;3060.7;
"Total operating net municipal expenditure, euro per capita (up to 2020)";"1074";"Päijät-Häme";"07";"combined";2003;3265.1;
"Total operating net municipal expenditure, euro per capita (up to 2020)";"1074";"Päijät-Häme";"07";"combined";2004;3473.1;
"Total operating net municipal expenditure, euro per capita (up to 2020)";"1074";"Päijät-Häme";"07";"combined";2005;3621.5;
"Total operating net municipal expenditure, euro per capita (up to 2020)";"1074";"Päijät-Häme";"07";"combined";2006;3698.0;
"Total operating net municipal expenditure, euro per capita (up to 2020)";"1074";"Päijät-Häme";"07";"combined";2007;3916.5;
"Total operating net municipal expenditure, euro per capita (up to 2020)";"1074";"Päijät-Häme";"07";"combined";2008;4241.1;
"Total operating net municipal expenditure, euro per capita (up to 2020)";"1074";"Päijät-Häme";"07";"combined";2009;4422.0;
"Total operating net municipal expenditure, euro per capita (up to 2020)";"1074";"Päijät-Häme";"07";"combined";2010;4534.6;
"Total operating net municipal expenditure, euro per capita (up to 2020)";"1074";"Päijät-Häme";"07";"combined";2011;4781.7;
"Total operating net municipal expenditure, euro per capita (up to 2020)";"1074";"Päijät-Häme";"07";"combined";2012;5074.3;
"Total operating net municipal expenditure, euro per capita (up to 2020)";"1074";"Päijät-Häme";"07";"combined";2013;5352.8;
"Total operating net municipal expenditure, euro per capita (up to 2020)";"1074";"Päijät-Häme";"07";"combined";2014;5186.3;
"Total operating net municipal expenditure, euro per capita (up to 2020)";"1074";"Päijät-Häme";"07";"combined";2015;5467.8;
"Total operating net municipal expenditure, euro per capita (up to 2020)";"1074";"Päijät-Häme";"07";"combined";2016;5546.2;
"Total operating net municipal expenditure, euro per capita (up to 2020)";"1074";"Päijät-Häme";"07";"combined";2017;5460.6;
"Total operating net municipal expenditure, euro per capita (up to 2020)";"1074";"Päijät-Häme";"07";"combined";2018;5630.5;
"Total operating net municipal expenditure, euro per capita (up to 2020)";"1074";"Päijät-Häme";"07";"combined";2019;5920.0;
"Total operating net municipal expenditure, euro per capita (up to 2020)";"1074";"Päijät-Häme";"07";"combined";2020;6036.0;
"Total operating net municipal expenditure, euro per capita (up to 2020)";"1074";"Satakunta";"04";"combined";1993;2587.0;
"Total operating net municipal expenditure, euro per capita (up to 2020)";"1074";"Satakunta";"04";"combined";1994;2604.9;
"Total operating net municipal expenditure, euro per capita (up to 2020)";"1074";"Satakunta";"04";"combined";1995;2676.2;
"Total operating net municipal expenditure, euro per capita (up to 2020)";"1074";"Satakunta";"04";"combined";1996;2766.8;
"Total operating net municipal expenditure, euro per capita (up to 2020)";"1074";"Satakunta";"04";"combined";1997;2721.5;
"Total operating net municipal expenditure, euro per capita (up to 2020)";"1074";"Satakunta";"04";"combined";1998;2820.2;
"Total operating net municipal expenditure, euro per capita (up to 2020)";"1074";"Satakunta";"04";"combined";1999;2885.6;
"Total operating net municipal expenditure, euro per capita (up to 2020)";"1074";"Satakunta";"04";"combined";2000;2962.5;
"Total operating net municipal expenditure, euro per capita (up to 2020)";"1074";"Satakunta";"04";"combined";2001;3162.8;
"Total operating net municipal expenditure, euro per capita (up to 2020)";"1074";"Satakunta";"04";"combined";2002;3338.7;
"Total operating net municipal expenditure, euro per capita (up to 2020)";"1074";"Satakunta";"04";"combined";2003;3521.4;
"Total operating net municipal expenditure, euro per capita (up to 2020)";"1074";"Satakunta";"04";"combined";2004;3692.0;
"Total operating net municipal expenditure, euro per capita (up to 2020)";"1074";"Satakunta";"04";"combined";2005;3892.2;
"Total operating net municipal expenditure, euro per capita (up to 2020)";"1074";"Satakunta";"04";"combined";2006;4125.3;
"Total operating net municipal expenditure, euro per capita (up to 2020)";"1074";"Satakunta";"04";"combined";2007;4324.1;
"Total operating net municipal expenditure, euro per capita (up to 2020)";"1074";"Satakunta";"04";"combined";2008;4678.8;
"Total operating net municipal expenditure, euro per capita (up to 2020)";"1074";"Satakunta";"04";"combined";2009;4908.1;
"Total operating net municipal expenditure, euro per capita (up to 2020)";"1074";"Satakunta";"04";"combined";2010;4914.0;
"Total operating net municipal expenditure, euro per capita (up to 2020)";"1074";"Satakunta";"04";"combined";2011;5179.1;
"Total operating net municipal expenditure, euro per capita (up to 2020)";"1074";"Satakunta";"04";"combined";2012;5375.6;
"Total operating net municipal expenditure, euro per capita (up to 2020)";"1074";"Satakunta";"04";"combined";2013;5466.5;
"Total operating net municipal expenditure, euro per capita (up to 2020)";"1074";"Satakunta";"04";"combined";2014;5656.8;
"Total operating net municipal expenditure, euro per capita (up to 2020)";"1074";"Satakunta";"04";"combined";2015;5803.7;
"Total operating net municipal expenditure, euro per capita (up to 2020)";"1074";"Satakunta";"04";"combined";2016;5701.8;
"Total operating net municipal expenditure, euro per capita (up to 2020)";"1074";"Satakunta";"04";"combined";2017;5665.8;
"Total operating net municipal expenditure, euro per capita (up to 2020)";"1074";"Satakunta";"04";"combined";2018;5930.0;
"Total operating net municipal expenditure, euro per capita (up to 2020)";"1074";"Satakunta";"04";"combined";2019;6138.2;
"Total operating net municipal expenditure, euro per capita (up to 2020)";"1074";"Satakunta";"04";"combined";2020;6211.8;
"Total operating net municipal expenditure, euro per capita (up to 2020)";"1074";"South Karelia";"09";"combined";1993;2586.3;
"Total operating net municipal expenditure, euro per capita (up to 2020)";"1074";"South Karelia";"09";"combined";1994;2625.5;
"Total operating net municipal expenditure, euro per capita (up to 2020)";"1074";"South Karelia";"09";"combined";1995;2627.8;
"Total operating net municipal expenditure, euro per capita (up to 2020)";"1074";"South Karelia";"09";"combined";1996;2725.7;
"Total operating net municipal expenditure, euro per capita (up to 2020)";"1074";"South Karelia";"09";"combined";1997;2471.8;
"Total operating net municipal expenditure, euro per capita (up to 2020)";"1074";"South Karelia";"09";"combined";1998;2586.4;
"Total operating net municipal expenditure, euro per capita (up to 2020)";"1074";"South Karelia";"09";"combined";1999;2650.5;
"Total operating net municipal expenditure, euro per capita (up to 2020)";"1074";"South Karelia";"09";"combined";2000;2789.3;
"Total operating net municipal expenditure, euro per capita (up to 2020)";"1074";"South Karelia";"09";"combined";2001;2994.3;
"Total operating net municipal expenditure, euro per capita (up to 2020)";"1074";"South Karelia";"09";"combined";2002;3211.2;
"Total operating net municipal expenditure, euro per capita (up to 2020)";"1074";"South Karelia";"09";"combined";2003;3371.2;
"Total operating net municipal expenditure, euro per capita (up to 2020)";"1074";"South Karelia";"09";"combined";2004;3512.3;
"Total operating net municipal expenditure, euro per capita (up to 2020)";"1074";"South Karelia";"09";"combined";2005;3628.1;
"Total operating net municipal expenditure, euro per capita (up to 2020)";"1074";"South Karelia";"09";"combined";2006;3773.6;
"Total operating net municipal expenditure, euro per capita (up to 2020)";"1074";"South Karelia";"09";"combined";2007;3932.2;
"Total operating net municipal expenditure, euro per capita (up to 2020)";"1074";"South Karelia";"09";"combined";2008;4288.9;
"Total operating net municipal expenditure, euro per capita (up to 2020)";"1074";"South Karelia";"09";"combined";2009;4496.3;
"Total operating net municipal expenditure, euro per capita (up to 2020)";"1074";"South Karelia";"09";"combined";2010;4589.2;
"Total operating net municipal expenditure, euro per capita (up to 2020)";"1074";"South Karelia";"09";"combined";2011;4796.9;
"Total operating net municipal expenditure, euro per capita (up to 2020)";"1074";"South Karelia";"09";"combined";2012;5053.5;
"Total operating net municipal expenditure, euro per capita (up to 2020)";"1074";"South Karelia";"09";"combined";2013;5254.9;
"Total operating net municipal expenditure, euro per capita (up to 2020)";"1074";"South Karelia";"09";"combined";2014;5532.3;
"Total operating net municipal expenditure, euro per capita (up to 2020)";"1074";"South Karelia";"09";"combined";2015;5813.9;
"Total operating net municipal expenditure, euro per capita (up to 2020)";"1074";"South Karelia";"09";"combined";2016;6001.7;
"Total operating net municipal expenditure, euro per capita (up to 2020)";"1074";"South Karelia";"09";"combined";2017;5921.8;
"Total operating net municipal expenditure, euro per capita (up to 2020)";"1074";"South Karelia";"09";"combined";2018;5862.0;
"Total operating net municipal expenditure, euro per capita (up to 2020)";"1074";"South Karelia";"09";"combined";2019;5976.0;
"Total operating net municipal expenditure, euro per capita (up to 2020)";"1074";"South Karelia";"09";"combined";2020;6477.0;
"Total operating net municipal expenditure, euro per capita (up to 2020)";"1074";"South Ostrobothnia";"14";"combined";1993;2612.6;
"Total operating net municipal expenditure, euro per capita (up to 2020)";"1074";"South Ostrobothnia";"14";"combined";1994;2653.6;
"Total operating net municipal expenditure, euro per capita (up to 2020)";"1074";"South Ostrobothnia";"14";"combined";1995;2759.9;
"Total operating net municipal expenditure, euro per capita (up to 2020)";"1074";"South Ostrobothnia";"14";"combined";1996;2905.8;
"Total operating net municipal expenditure, euro per capita (up to 2020)";"1074";"South Ostrobothnia";"14";"combined";1997;2634.8;
"Total operating net municipal expenditure, euro per capita (up to 2020)";"1074";"South Ostrobothnia";"14";"combined";1998;2731.7;
"Total operating net municipal expenditure, euro per capita (up to 2020)";"1074";"South Ostrobothnia";"14";"combined";1999;2846.1;
"Total operating net municipal expenditure, euro per capita (up to 2020)";"1074";"South Ostrobothnia";"14";"combined";2000;2935.6;
"Total operating net municipal expenditure, euro per capita (up to 2020)";"1074";"South Ostrobothnia";"14";"combined";2001;3168.7;
"Total operating net municipal expenditure, euro per capita (up to 2020)";"1074";"South Ostrobothnia";"14";"combined";2002;3287.9;
"Total operating net municipal expenditure, euro per capita (up to 2020)";"1074";"South Ostrobothnia";"14";"combined";2003;3462.8;
"Total operating net municipal expenditure, euro per capita (up to 2020)";"1074";"South Ostrobothnia";"14";"combined";2004;3675.1;
"Total operating net municipal expenditure, euro per capita (up to 2020)";"1074";"South Ostrobothnia";"14";"combined";2005;3839.5;
"Total operating net municipal expenditure, euro per capita (up to 2020)";"1074";"South Ostrobothnia";"14";"combined";2006;3960.3;
"Total operating net municipal expenditure, euro per capita (up to 2020)";"1074";"South Ostrobothnia";"14";"combined";2007;4185.8;
"Total operating net municipal expenditure, euro per capita (up to 2020)";"1074";"South Ostrobothnia";"14";"combined";2008;4513.0;
"Total operating net municipal expenditure, euro per capita (up to 2020)";"1074";"South Ostrobothnia";"14";"combined";2009;4749.6;
"Total operating net municipal expenditure, euro per capita (up to 2020)";"1074";"South Ostrobothnia";"14";"combined";2010;4861.8;
"Total operating net municipal expenditure, euro per capita (up to 2020)";"1074";"South Ostrobothnia";"14";"combined";2011;5128.0;
"Total operating net municipal expenditure, euro per capita (up to 2020)";"1074";"South Ostrobothnia";"14";"combined";2012;5409.8;
"Total operating net municipal expenditure, euro per capita (up to 2020)";"1074";"South Ostrobothnia";"14";"combined";2013;5626.9;
"Total operating net municipal expenditure, euro per capita (up to 2020)";"1074";"South Ostrobothnia";"14";"combined";2014;5735.9;
"Total operating net municipal expenditure, euro per capita (up to 2020)";"1074";"South Ostrobothnia";"14";"combined";2015;5855.9;
"Total operating net municipal expenditure, euro per capita (up to 2020)";"1074";"South Ostrobothnia";"14";"combined";2016;5872.1;
"Total operating net municipal expenditure, euro per capita (up to 2020)";"1074";"South Ostrobothnia";"14";"combined";2017;5913.0;
"Total operating net municipal expenditure, euro per capita (up to 2020)";"1074";"South Ostrobothnia";"14";"combined";2018;6128.4;
"Total operating net municipal expenditure, euro per capita (up to 2020)";"1074";"South Ostrobothnia";"14";"combined";2019;6541.5;
"Total operating net municipal expenditure, euro per capita (up to 2020)";"1074";"South Ostrobothnia";"14";"combined";2020;6585.7;
"Total operating net municipal expenditure, euro per capita (up to 2020)";"1074";"South Savo";"10";"combined";1993;2701.6;
"Total operating net municipal expenditure, euro per capita (up to 2020)";"1074";"South Savo";"10";"combined";1994;2700.7;
"Total operating net municipal expenditure, euro per capita (up to 2020)";"1074";"South Savo";"10";"combined";1995;2810.3;
"Total operating net municipal expenditure, euro per capita (up to 2020)";"1074";"South Savo";"10";"combined";1996;2886.9;
"Total operating net municipal expenditure, euro per capita (up to 2020)";"1074";"South Savo";"10";"combined";1997;2613.7;
"Total operating net municipal expenditure, euro per capita (up to 2020)";"1074";"South Savo";"10";"combined";1998;2722.5;
"Total operating net municipal expenditure, euro per capita (up to 2020)";"1074";"South Savo";"10";"combined";1999;2822.2;
"Total operating net municipal expenditure, euro per capita (up to 2020)";"1074";"South Savo";"10";"combined";2000;2894.7;
"Total operating net municipal expenditure, euro per capita (up to 2020)";"1074";"South Savo";"10";"combined";2001;3163.6;
"Total operating net municipal expenditure, euro per capita (up to 2020)";"1074";"South Savo";"10";"combined";2002;3358.8;
"Total operating net municipal expenditure, euro per capita (up to 2020)";"1074";"South Savo";"10";"combined";2003;3463.0;
"Total operating net municipal expenditure, euro per capita (up to 2020)";"1074";"South Savo";"10";"combined";2004;3613.7;
"Total operating net municipal expenditure, euro per capita (up to 2020)";"1074";"South Savo";"10";"combined";2005;3789.4;
"Total operating net municipal expenditure, euro per capita (up to 2020)";"1074";"South Savo";"10";"combined";2006;3981.3;
"Total operating net municipal expenditure, euro per capita (up to 2020)";"1074";"South Savo";"10";"combined";2007;4119.9;
"Total operating net municipal expenditure, euro per capita (up to 2020)";"1074";"South Savo";"10";"combined";2008;4524.8;
"Total operating net municipal expenditure, euro per capita (up to 2020)";"1074";"South Savo";"10";"combined";2009;4618.1;
"Total operating net municipal expenditure, euro per capita (up to 2020)";"1074";"South Savo";"10";"combined";2010;4858.3;
"Total operating net municipal expenditure, euro per capita (up to 2020)";"1074";"South Savo";"10";"combined";2011;5215.3;
"Total operating net municipal expenditure, euro per capita (up to 2020)";"1074";"South Savo";"10";"combined";2012;5471.6;
"Total operating net municipal expenditure, euro per capita (up to 2020)";"1074";"South Savo";"10";"combined";2013;5732.5;
"Total operating net municipal expenditure, euro per capita (up to 2020)";"1074";"South Savo";"10";"combined";2014;5859.7;
"Total operating net municipal expenditure, euro per capita (up to 2020)";"1074";"South Savo";"10";"combined";2015;5961.7;
"Total operating net municipal expenditure, euro per capita (up to 2020)";"1074";"South Savo";"10";"combined";2016;6039.0;
"Total operating net municipal expenditure, euro per capita (up to 2020)";"1074";"South Savo";"10";"combined";2017;6159.6;
"Total operating net municipal expenditure, euro per capita (up to 2020)";"1074";"South Savo";"10";"combined";2018;6414.1;
"Total operating net municipal expenditure, euro per capita (up to 2020)";"1074";"South Savo";"10";"combined";2019;6656.2;
"Total operating net municipal expenditure, euro per capita (up to 2020)";"1074";"South Savo";"10";"combined";2020;6876.4;
"Total operating net municipal expenditure, euro per capita (up to 2020)";"1074";"Southwest Finland";"02";"combined";1993;2503.3;
"Total operating net municipal expenditure, euro per capita (up to 2020)";"1074";"Southwest Finland";"02";"combined";1994;2532.2;
"Total operating net municipal expenditure, euro per capita (up to 2020)";"1074";"Southwest Finland";"02";"combined";1995;2594.2;
"Total operating net municipal expenditure, euro per capita (up to 2020)";"1074";"Southwest Finland";"02";"combined";1996;2724.5;
"Total operating net municipal expenditure, euro per capita (up to 2020)";"1074";"Southwest Finland";"02";"combined";1997;2670.9;
"Total operating net municipal expenditure, euro per capita (up to 2020)";"1074";"Southwest Finland";"02";"combined";1998;2835.5;
"Total operating net municipal expenditure, euro per capita (up to 2020)";"1074";"Southwest Finland";"02";"combined";1999;2904.9;
"Total operating net municipal expenditure, euro per capita (up to 2020)";"1074";"Southwest Finland";"02";"combined";2000;2996.6;
"Total operating net municipal expenditure, euro per capita (up to 2020)";"1074";"Southwest Finland";"02";"combined";2001;3248.8;
"Total operating net municipal expenditure, euro per capita (up to 2020)";"1074";"Southwest Finland";"02";"combined";2002;3399.0;
"Total operating net municipal expenditure, euro per capita (up to 2020)";"1074";"Southwest Finland";"02";"combined";2003;3589.0;
"Total operating net municipal expenditure, euro per capita (up to 2020)";"1074";"Southwest Finland";"02";"combined";2004;3813.5;
"Total operating net municipal expenditure, euro per capita (up to 2020)";"1074";"Southwest Finland";"02";"combined";2005;4003.8;
"Total operating net municipal expenditure, euro per capita (up to 2020)";"1074";"Southwest Finland";"02";"combined";2006;4149.2;
"Total operating net municipal expenditure, euro per capita (up to 2020)";"1074";"Southwest Finland";"02";"combined";2007;4333.2;
"Total operating net municipal expenditure, euro per capita (up to 2020)";"1074";"Southwest Finland";"02";"combined";2008;4705.2;
"Total operating net municipal expenditure, euro per capita (up to 2020)";"1074";"Southwest Finland";"02";"combined";2009;4816.7;
"Total operating net municipal expenditure, euro per capita (up to 2020)";"1074";"Southwest Finland";"02";"combined";2010;4997.6;
"Total operating net municipal expenditure, euro per capita (up to 2020)";"1074";"Southwest Finland";"02";"combined";2011;5169.4;
"Total operating net municipal expenditure, euro per capita (up to 2020)";"1074";"Southwest Finland";"02";"combined";2012;5408.4;
"Total operating net municipal expenditure, euro per capita (up to 2020)";"1074";"Southwest Finland";"02";"combined";2013;5541.7;
"Total operating net municipal expenditure, euro per capita (up to 2020)";"1074";"Southwest Finland";"02";"combined";2014;5472.2;
"Total operating net municipal expenditure, euro per capita (up to 2020)";"1074";"Southwest Finland";"02";"combined";2015;5431.6;
"Total operating net municipal expenditure, euro per capita (up to 2020)";"1074";"Southwest Finland";"02";"combined";2016;5506.9;
"Total operating net municipal expenditure, euro per capita (up to 2020)";"1074";"Southwest Finland";"02";"combined";2017;5517.9;
"Total operating net municipal expenditure, euro per capita (up to 2020)";"1074";"Southwest Finland";"02";"combined";2018;5650.4;
"Total operating net municipal expenditure, euro per capita (up to 2020)";"1074";"Southwest Finland";"02";"combined";2019;5861.0;
"Total operating net municipal expenditure, euro per capita (up to 2020)";"1074";"Southwest Finland";"02";"combined";2020;5933.1;
"Total operating net municipal expenditure, euro per capita (up to 2020)";"1074";"Uusimaa";"01";"combined";1993;2846.8;
"Total operating net municipal expenditure, euro per capita (up to 2020)";"1074";"Uusimaa";"01";"combined";1994;2880.9;
"Total operating net municipal expenditure, euro per capita (up to 2020)";"1074";"Uusimaa";"01";"combined";1995;2916.1;
"Total operating net municipal expenditure, euro per capita (up to 2020)";"1074";"Uusimaa";"01";"combined";1996;3069.3;
"Total operating net municipal expenditure, euro per capita (up to 2020)";"1074";"Uusimaa";"01";"combined";1997;2849.6;
"Total operating net municipal expenditure, euro per capita (up to 2020)";"1074";"Uusimaa";"01";"combined";1998;2895.0;
"Total operating net municipal expenditure, euro per capita (up to 2020)";"1074";"Uusimaa";"01";"combined";1999;2975.0;
"Total operating net municipal expenditure, euro per capita (up to 2020)";"1074";"Uusimaa";"01";"combined";2000;3159.2;
"Total operating net municipal expenditure, euro per capita (up to 2020)";"1074";"Uusimaa";"01";"combined";2001;3423.6;
"Total operating net municipal expenditure, euro per capita (up to 2020)";"1074";"Uusimaa";"01";"combined";2002;3632.9;
"Total operating net municipal expenditure, euro per capita (up to 2020)";"1074";"Uusimaa";"01";"combined";2003;3685.4;
"Total operating net municipal expenditure, euro per capita (up to 2020)";"1074";"Uusimaa";"01";"combined";2004;3742.6;
"Total operating net municipal expenditure, euro per capita (up to 2020)";"1074";"Uusimaa";"01";"combined";2005;3949.3;
"Total operating net municipal expenditure, euro per capita (up to 2020)";"1074";"Uusimaa";"01";"combined";2006;4068.4;
"Total operating net municipal expenditure, euro per capita (up to 2020)";"1074";"Uusimaa";"01";"combined";2007;4289.0;
"Total operating net municipal expenditure, euro per capita (up to 2020)";"1074";"Uusimaa";"01";"combined";2008;4590.1;
"Total operating net municipal expenditure, euro per capita (up to 2020)";"1074";"Uusimaa";"01";"combined";2009;4755.9;
"Total operating net municipal expenditure, euro per capita (up to 2020)";"1074";"Uusimaa";"01";"combined";2010;4836.5;
"Total operating net municipal expenditure, euro per capita (up to 2020)";"1074";"Uusimaa";"01";"combined";2011;5010.0;
"Total operating net municipal expenditure, euro per capita (up to 2020)";"1074";"Uusimaa";"01";"combined";2012;5233.3;
"Total operating net municipal expenditure, euro per capita (up to 2020)";"1074";"Uusimaa";"01";"combined";2013;5372.4;
"Total operating net municipal expenditure, euro per capita (up to 2020)";"1074";"Uusimaa";"01";"combined";2014;5350.9;
"Total operating net municipal expenditure, euro per capita (up to 2020)";"1074";"Uusimaa";"01";"combined";2015;5581.6;
"Total operating net municipal expenditure, euro per capita (up to 2020)";"1074";"Uusimaa";"01";"combined";2016;5445.6;
"Total operating net municipal expenditure, euro per capita (up to 2020)";"1074";"Uusimaa";"01";"combined";2017;5289.9;
"Total operating net municipal expenditure, euro per capita (up to 2020)";"1074";"Uusimaa";"01";"combined";2018;5405.4;
"Total operating net municipal expenditure, euro per capita (up to 2020)";"1074";"Uusimaa";"01";"combined";2019;5689.7;
"Total operating net municipal expenditure, euro per capita (up to 2020)";"1074";"Uusimaa";"01";"combined";2020;5882.3;
"Total operating net municipal expenditure, euro per capita (up to 2020)";"1074";"Åland";"21";"combined";1993;2247.5;
"Total operating net municipal expenditure, euro per capita (up to 2020)";"1074";"Åland";"21";"combined";1994;1951.8;
"Total operating net municipal expenditure, euro per capita (up to 2020)";"1074";"Åland";"21";"combined";1995;2027.7;
"Total operating net municipal expenditure, euro per capita (up to 2020)";"1074";"Åland";"21";"combined";1996;2171.4;
"Total operating net municipal expenditure, euro per capita (up to 2020)";"1074";"Åland";"21";"combined";1997;786.9;
"Total operating net municipal expenditure, euro per capita (up to 2020)";"1074";"Åland";"21";"combined";1998;0.0;
"Total operating net municipal expenditure, euro per capita (up to 2020)";"1074";"Åland";"21";"combined";1999;2535.0;
"Total operating net municipal expenditure, euro per capita (up to 2020)";"1074";"Åland";"21";"combined";2000;2769.5;
"Total operating net municipal expenditure, euro per capita (up to 2020)";"1074";"Åland";"21";"combined";2001;2931.7;
"Total operating net municipal expenditure, euro per capita (up to 2020)";"1074";"Åland";"21";"combined";2002;3105.3;
"Total operating net municipal expenditure, euro per capita (up to 2020)";"1074";"Åland";"21";"combined";2003;3242.2;
"Total operating net municipal expenditure, euro per capita (up to 2020)";"1074";"Åland";"21";"combined";2004;3365.4;
"Total operating net municipal expenditure, euro per capita (up to 2020)";"1074";"Åland";"21";"combined";2005;3527.4;
"Total operating net municipal expenditure, euro per capita (up to 2020)";"1074";"Åland";"21";"combined";2006;3647.2;
"Total operating net municipal expenditure, euro per capita (up to 2020)";"1074";"Åland";"21";"combined";2007;3742.2;
"Total operating net municipal expenditure, euro per capita (up to 2020)";"1074";"Åland";"21";"combined";2008;3994.7;
"Total operating net municipal expenditure, euro per capita (up to 2020)";"1074";"Åland";"21";"combined";2009;4055.9;
"Total operating net municipal expenditure, euro per capita (up to 2020)";"1074";"Åland";"21";"combined";2010;4172.4;
"Total operating net municipal expenditure, euro per capita (up to 2020)";"1074";"Åland";"21";"combined";2011;4274.4;
"Total operating net municipal expenditure, euro per capita (up to 2020)";"1074";"Åland";"21";"combined";2012;4492.4;
"Total operating net municipal expenditure, euro per capita (up to 2020)";"1074";"Åland";"21";"combined";2013;4418.4;
"Total operating net municipal expenditure, euro per capita (up to 2020)";"1074";"Åland";"21";"combined";2014;4449.3;
"Total operating net municipal expenditure, euro per capita (up to 2020)";"1074";"Åland";"21";"combined";2015;5000.4;
"Total operating net municipal expenditure, euro per capita (up to 2020)";"1074";"Åland";"21";"combined";2016;4740.8;
"Total operating net municipal expenditure, euro per capita (up to 2020)";"1074";"Åland";"21";"combined";2017;4759.4;
"Total operating net municipal expenditure, euro per capita (up to 2020)";"1074";"Åland";"21";"combined";2018;4957.4;
"Total operating net municipal expenditure, euro per capita (up to 2020)";"1074";"Åland";"21";"combined";2019;5133.2;
"Total operating net municipal expenditure, euro per capita (up to 2020)";"1074";"Åland";"21";"combined";2020;4976.1;
