"Operating net expenditure of the municipal health care, 1000 euro (up to 2020)";"3268";"Central Finland";"13";"combined";1993;200375;200375
"Operating net expenditure of the municipal health care, 1000 euro (up to 2020)";"3268";"Central Finland";"13";"combined";1994;192911;192911
"Operating net expenditure of the municipal health care, 1000 euro (up to 2020)";"3268";"Central Finland";"13";"combined";1995;200223;200223
"Operating net expenditure of the municipal health care, 1000 euro (up to 2020)";"3268";"Central Finland";"13";"combined";1996;210664;210664
"Operating net expenditure of the municipal health care, 1000 euro (up to 2020)";"3268";"Central Finland";"13";"combined";1997;225084;225084
"Operating net expenditure of the municipal health care, 1000 euro (up to 2020)";"3268";"Central Finland";"13";"combined";1998;231372;231372
"Operating net expenditure of the municipal health care, 1000 euro (up to 2020)";"3268";"Central Finland";"13";"combined";1999;239094;239094
"Operating net expenditure of the municipal health care, 1000 euro (up to 2020)";"3268";"Central Finland";"13";"combined";2000;251105;251105
"Operating net expenditure of the municipal health care, 1000 euro (up to 2020)";"3268";"Central Finland";"13";"combined";2001;269885;269885
"Operating net expenditure of the municipal health care, 1000 euro (up to 2020)";"3268";"Central Finland";"13";"combined";2002;288021;288021
"Operating net expenditure of the municipal health care, 1000 euro (up to 2020)";"3268";"Central Finland";"13";"combined";2003;312907;312907
"Operating net expenditure of the municipal health care, 1000 euro (up to 2020)";"3268";"Central Finland";"13";"combined";2004;330643;330643
"Operating net expenditure of the municipal health care, 1000 euro (up to 2020)";"3268";"Central Finland";"13";"combined";2005;343343;343343
"Operating net expenditure of the municipal health care, 1000 euro (up to 2020)";"3268";"Central Finland";"13";"combined";2006;355786;355786
"Operating net expenditure of the municipal health care, 1000 euro (up to 2020)";"3268";"Central Finland";"13";"combined";2007;375405;375405
"Operating net expenditure of the municipal health care, 1000 euro (up to 2020)";"3268";"Central Finland";"13";"combined";2008;400819;400819
"Operating net expenditure of the municipal health care, 1000 euro (up to 2020)";"3268";"Central Finland";"13";"combined";2009;417323;417323
"Operating net expenditure of the municipal health care, 1000 euro (up to 2020)";"3268";"Central Finland";"13";"combined";2010;425210;425210
"Operating net expenditure of the municipal health care, 1000 euro (up to 2020)";"3268";"Central Finland";"13";"combined";2011;450073;450073
"Operating net expenditure of the municipal health care, 1000 euro (up to 2020)";"3268";"Central Finland";"13";"combined";2012;476990;476990
"Operating net expenditure of the municipal health care, 1000 euro (up to 2020)";"3268";"Central Finland";"13";"combined";2013;499273;499273
"Operating net expenditure of the municipal health care, 1000 euro (up to 2020)";"3268";"Central Finland";"13";"combined";2014;499220;499220
"Operating net expenditure of the municipal health care, 1000 euro (up to 2020)";"3268";"Central Finland";"13";"combined";2015;503814;503814
"Operating net expenditure of the municipal health care, 1000 euro (up to 2020)";"3268";"Central Finland";"13";"combined";2016;500358;500358
"Operating net expenditure of the municipal health care, 1000 euro (up to 2020)";"3268";"Central Finland";"13";"combined";2017;512498;512498
"Operating net expenditure of the municipal health care, 1000 euro (up to 2020)";"3268";"Central Finland";"13";"combined";2018;513776;513776
"Operating net expenditure of the municipal health care, 1000 euro (up to 2020)";"3268";"Central Finland";"13";"combined";2019;519346;519346
"Operating net expenditure of the municipal health care, 1000 euro (up to 2020)";"3268";"Central Finland";"13";"combined";2020;542907;542907
"Operating net expenditure of the municipal health care, 1000 euro (up to 2020)";"3268";"Central Ostrobothnia";"16";"combined";1993;46974;46974
"Operating net expenditure of the municipal health care, 1000 euro (up to 2020)";"3268";"Central Ostrobothnia";"16";"combined";1994;47412;47412
"Operating net expenditure of the municipal health care, 1000 euro (up to 2020)";"3268";"Central Ostrobothnia";"16";"combined";1995;49670;49670
"Operating net expenditure of the municipal health care, 1000 euro (up to 2020)";"3268";"Central Ostrobothnia";"16";"combined";1996;51850;51850
"Operating net expenditure of the municipal health care, 1000 euro (up to 2020)";"3268";"Central Ostrobothnia";"16";"combined";1997;56171;56171
"Operating net expenditure of the municipal health care, 1000 euro (up to 2020)";"3268";"Central Ostrobothnia";"16";"combined";1998;56935;56935
"Operating net expenditure of the municipal health care, 1000 euro (up to 2020)";"3268";"Central Ostrobothnia";"16";"combined";1999;58032;58032
"Operating net expenditure of the municipal health care, 1000 euro (up to 2020)";"3268";"Central Ostrobothnia";"16";"combined";2000;61195;61195
"Operating net expenditure of the municipal health care, 1000 euro (up to 2020)";"3268";"Central Ostrobothnia";"16";"combined";2001;66909;66909
"Operating net expenditure of the municipal health care, 1000 euro (up to 2020)";"3268";"Central Ostrobothnia";"16";"combined";2002;70766;70766
"Operating net expenditure of the municipal health care, 1000 euro (up to 2020)";"3268";"Central Ostrobothnia";"16";"combined";2003;76095;76095
"Operating net expenditure of the municipal health care, 1000 euro (up to 2020)";"3268";"Central Ostrobothnia";"16";"combined";2004;82053;82053
"Operating net expenditure of the municipal health care, 1000 euro (up to 2020)";"3268";"Central Ostrobothnia";"16";"combined";2005;86315;86315
"Operating net expenditure of the municipal health care, 1000 euro (up to 2020)";"3268";"Central Ostrobothnia";"16";"combined";2006;90967;90967
"Operating net expenditure of the municipal health care, 1000 euro (up to 2020)";"3268";"Central Ostrobothnia";"16";"combined";2007;97951;97951
"Operating net expenditure of the municipal health care, 1000 euro (up to 2020)";"3268";"Central Ostrobothnia";"16";"combined";2008;106822;106822
"Operating net expenditure of the municipal health care, 1000 euro (up to 2020)";"3268";"Central Ostrobothnia";"16";"combined";2009;110413;110413
"Operating net expenditure of the municipal health care, 1000 euro (up to 2020)";"3268";"Central Ostrobothnia";"16";"combined";2010;121787;121787
"Operating net expenditure of the municipal health care, 1000 euro (up to 2020)";"3268";"Central Ostrobothnia";"16";"combined";2011;130610;130610
"Operating net expenditure of the municipal health care, 1000 euro (up to 2020)";"3268";"Central Ostrobothnia";"16";"combined";2012;134256;134256
"Operating net expenditure of the municipal health care, 1000 euro (up to 2020)";"3268";"Central Ostrobothnia";"16";"combined";2013;136255;136255
"Operating net expenditure of the municipal health care, 1000 euro (up to 2020)";"3268";"Central Ostrobothnia";"16";"combined";2014;133886;133886
"Operating net expenditure of the municipal health care, 1000 euro (up to 2020)";"3268";"Central Ostrobothnia";"16";"combined";2015;136119;136119
"Operating net expenditure of the municipal health care, 1000 euro (up to 2020)";"3268";"Central Ostrobothnia";"16";"combined";2016;139315;139315
"Operating net expenditure of the municipal health care, 1000 euro (up to 2020)";"3268";"Central Ostrobothnia";"16";"combined";2017;136619;136619
"Operating net expenditure of the municipal health care, 1000 euro (up to 2020)";"3268";"Central Ostrobothnia";"16";"combined";2018;140092;140092
"Operating net expenditure of the municipal health care, 1000 euro (up to 2020)";"3268";"Central Ostrobothnia";"16";"combined";2019;139331;139331
"Operating net expenditure of the municipal health care, 1000 euro (up to 2020)";"3268";"Central Ostrobothnia";"16";"combined";2020;149754;149754
"Operating net expenditure of the municipal health care, 1000 euro (up to 2020)";"3268";"Kainuu";"18";"combined";1993;73971;73971
"Operating net expenditure of the municipal health care, 1000 euro (up to 2020)";"3268";"Kainuu";"18";"combined";1994;73493;73493
"Operating net expenditure of the municipal health care, 1000 euro (up to 2020)";"3268";"Kainuu";"18";"combined";1995;75127;75127
"Operating net expenditure of the municipal health care, 1000 euro (up to 2020)";"3268";"Kainuu";"18";"combined";1996;79352;79352
"Operating net expenditure of the municipal health care, 1000 euro (up to 2020)";"3268";"Kainuu";"18";"combined";1997;81460;81460
"Operating net expenditure of the municipal health care, 1000 euro (up to 2020)";"3268";"Kainuu";"18";"combined";1998;82698;82698
"Operating net expenditure of the municipal health care, 1000 euro (up to 2020)";"3268";"Kainuu";"18";"combined";1999;81669;81669
"Operating net expenditure of the municipal health care, 1000 euro (up to 2020)";"3268";"Kainuu";"18";"combined";2000;83171;83171
"Operating net expenditure of the municipal health care, 1000 euro (up to 2020)";"3268";"Kainuu";"18";"combined";2001;88720;88720
"Operating net expenditure of the municipal health care, 1000 euro (up to 2020)";"3268";"Kainuu";"18";"combined";2002;94163;94163
"Operating net expenditure of the municipal health care, 1000 euro (up to 2020)";"3268";"Kainuu";"18";"combined";2003;101181;101181
"Operating net expenditure of the municipal health care, 1000 euro (up to 2020)";"3268";"Kainuu";"18";"combined";2004;106565;106565
"Operating net expenditure of the municipal health care, 1000 euro (up to 2020)";"3268";"Kainuu";"18";"combined";2005;102939;102939
"Operating net expenditure of the municipal health care, 1000 euro (up to 2020)";"3268";"Kainuu";"18";"combined";2006;113539;113539
"Operating net expenditure of the municipal health care, 1000 euro (up to 2020)";"3268";"Kainuu";"18";"combined";2007;116817;116817
"Operating net expenditure of the municipal health care, 1000 euro (up to 2020)";"3268";"Kainuu";"18";"combined";2008;120289;120289
"Operating net expenditure of the municipal health care, 1000 euro (up to 2020)";"3268";"Kainuu";"18";"combined";2009;128073;128073
"Operating net expenditure of the municipal health care, 1000 euro (up to 2020)";"3268";"Kainuu";"18";"combined";2010;134210;134210
"Operating net expenditure of the municipal health care, 1000 euro (up to 2020)";"3268";"Kainuu";"18";"combined";2011;149426;149426
"Operating net expenditure of the municipal health care, 1000 euro (up to 2020)";"3268";"Kainuu";"18";"combined";2012;157189;157189
"Operating net expenditure of the municipal health care, 1000 euro (up to 2020)";"3268";"Kainuu";"18";"combined";2013;175136;175136
"Operating net expenditure of the municipal health care, 1000 euro (up to 2020)";"3268";"Kainuu";"18";"combined";2014;174408;174408
"Operating net expenditure of the municipal health care, 1000 euro (up to 2020)";"3268";"Kainuu";"18";"combined";2015;175648;175648
"Operating net expenditure of the municipal health care, 1000 euro (up to 2020)";"3268";"Kainuu";"18";"combined";2016;175729;175729
"Operating net expenditure of the municipal health care, 1000 euro (up to 2020)";"3268";"Kainuu";"18";"combined";2017;176076;176076
"Operating net expenditure of the municipal health care, 1000 euro (up to 2020)";"3268";"Kainuu";"18";"combined";2018;196380;196380
"Operating net expenditure of the municipal health care, 1000 euro (up to 2020)";"3268";"Kainuu";"18";"combined";2019;195851;195851
"Operating net expenditure of the municipal health care, 1000 euro (up to 2020)";"3268";"Kainuu";"18";"combined";2020;216712;216712
"Operating net expenditure of the municipal health care, 1000 euro (up to 2020)";"3268";"Kanta-Häme";"05";"combined";1993;128676;128676
"Operating net expenditure of the municipal health care, 1000 euro (up to 2020)";"3268";"Kanta-Häme";"05";"combined";1994;126172;126172
"Operating net expenditure of the municipal health care, 1000 euro (up to 2020)";"3268";"Kanta-Häme";"05";"combined";1995;133668;133668
"Operating net expenditure of the municipal health care, 1000 euro (up to 2020)";"3268";"Kanta-Häme";"05";"combined";1996;141568;141568
"Operating net expenditure of the municipal health care, 1000 euro (up to 2020)";"3268";"Kanta-Häme";"05";"combined";1997;150122;150122
"Operating net expenditure of the municipal health care, 1000 euro (up to 2020)";"3268";"Kanta-Häme";"05";"combined";1998;153850;153850
"Operating net expenditure of the municipal health care, 1000 euro (up to 2020)";"3268";"Kanta-Häme";"05";"combined";1999;153887;153887
"Operating net expenditure of the municipal health care, 1000 euro (up to 2020)";"3268";"Kanta-Häme";"05";"combined";2000;154776;154776
"Operating net expenditure of the municipal health care, 1000 euro (up to 2020)";"3268";"Kanta-Häme";"05";"combined";2001;159678;159678
"Operating net expenditure of the municipal health care, 1000 euro (up to 2020)";"3268";"Kanta-Häme";"05";"combined";2002;169208;169208
"Operating net expenditure of the municipal health care, 1000 euro (up to 2020)";"3268";"Kanta-Häme";"05";"combined";2003;180667;180667
"Operating net expenditure of the municipal health care, 1000 euro (up to 2020)";"3268";"Kanta-Häme";"05";"combined";2004;195372;195372
"Operating net expenditure of the municipal health care, 1000 euro (up to 2020)";"3268";"Kanta-Häme";"05";"combined";2005;209231;209231
"Operating net expenditure of the municipal health care, 1000 euro (up to 2020)";"3268";"Kanta-Häme";"05";"combined";2006;219989;219989
"Operating net expenditure of the municipal health care, 1000 euro (up to 2020)";"3268";"Kanta-Häme";"05";"combined";2007;230068;230068
"Operating net expenditure of the municipal health care, 1000 euro (up to 2020)";"3268";"Kanta-Häme";"05";"combined";2008;256961;256961
"Operating net expenditure of the municipal health care, 1000 euro (up to 2020)";"3268";"Kanta-Häme";"05";"combined";2009;267105;267105
"Operating net expenditure of the municipal health care, 1000 euro (up to 2020)";"3268";"Kanta-Häme";"05";"combined";2010;272774;272774
"Operating net expenditure of the municipal health care, 1000 euro (up to 2020)";"3268";"Kanta-Häme";"05";"combined";2011;284027;284027
"Operating net expenditure of the municipal health care, 1000 euro (up to 2020)";"3268";"Kanta-Häme";"05";"combined";2012;293327;293327
"Operating net expenditure of the municipal health care, 1000 euro (up to 2020)";"3268";"Kanta-Häme";"05";"combined";2013;305188;305188
"Operating net expenditure of the municipal health care, 1000 euro (up to 2020)";"3268";"Kanta-Häme";"05";"combined";2014;312839;312839
"Operating net expenditure of the municipal health care, 1000 euro (up to 2020)";"3268";"Kanta-Häme";"05";"combined";2015;317638;317638
"Operating net expenditure of the municipal health care, 1000 euro (up to 2020)";"3268";"Kanta-Häme";"05";"combined";2016;321519;321519
"Operating net expenditure of the municipal health care, 1000 euro (up to 2020)";"3268";"Kanta-Häme";"05";"combined";2017;332414;332414
"Operating net expenditure of the municipal health care, 1000 euro (up to 2020)";"3268";"Kanta-Häme";"05";"combined";2018;333345;333345
"Operating net expenditure of the municipal health care, 1000 euro (up to 2020)";"3268";"Kanta-Häme";"05";"combined";2019;341781;341781
"Operating net expenditure of the municipal health care, 1000 euro (up to 2020)";"3268";"Kanta-Häme";"05";"combined";2020;354336;354336
"Operating net expenditure of the municipal health care, 1000 euro (up to 2020)";"3268";"Kymenlaakso";"08";"combined";1993;131703;131703
"Operating net expenditure of the municipal health care, 1000 euro (up to 2020)";"3268";"Kymenlaakso";"08";"combined";1994;129361;129361
"Operating net expenditure of the municipal health care, 1000 euro (up to 2020)";"3268";"Kymenlaakso";"08";"combined";1995;136222;136222
"Operating net expenditure of the municipal health care, 1000 euro (up to 2020)";"3268";"Kymenlaakso";"08";"combined";1996;143427;143427
"Operating net expenditure of the municipal health care, 1000 euro (up to 2020)";"3268";"Kymenlaakso";"08";"combined";1997;155307;155307
"Operating net expenditure of the municipal health care, 1000 euro (up to 2020)";"3268";"Kymenlaakso";"08";"combined";1998;153559;153559
"Operating net expenditure of the municipal health care, 1000 euro (up to 2020)";"3268";"Kymenlaakso";"08";"combined";1999;161371;161371
"Operating net expenditure of the municipal health care, 1000 euro (up to 2020)";"3268";"Kymenlaakso";"08";"combined";2000;164636;164636
"Operating net expenditure of the municipal health care, 1000 euro (up to 2020)";"3268";"Kymenlaakso";"08";"combined";2001;179086;179086
"Operating net expenditure of the municipal health care, 1000 euro (up to 2020)";"3268";"Kymenlaakso";"08";"combined";2002;189211;189211
"Operating net expenditure of the municipal health care, 1000 euro (up to 2020)";"3268";"Kymenlaakso";"08";"combined";2003;206947;206947
"Operating net expenditure of the municipal health care, 1000 euro (up to 2020)";"3268";"Kymenlaakso";"08";"combined";2004;223392;223392
"Operating net expenditure of the municipal health care, 1000 euro (up to 2020)";"3268";"Kymenlaakso";"08";"combined";2005;235760;235760
"Operating net expenditure of the municipal health care, 1000 euro (up to 2020)";"3268";"Kymenlaakso";"08";"combined";2006;244030;244030
"Operating net expenditure of the municipal health care, 1000 euro (up to 2020)";"3268";"Kymenlaakso";"08";"combined";2007;246300;246300
"Operating net expenditure of the municipal health care, 1000 euro (up to 2020)";"3268";"Kymenlaakso";"08";"combined";2008;272867;272867
"Operating net expenditure of the municipal health care, 1000 euro (up to 2020)";"3268";"Kymenlaakso";"08";"combined";2009;275362;275362
"Operating net expenditure of the municipal health care, 1000 euro (up to 2020)";"3268";"Kymenlaakso";"08";"combined";2010;280621;280621
"Operating net expenditure of the municipal health care, 1000 euro (up to 2020)";"3268";"Kymenlaakso";"08";"combined";2011;296354;296354
"Operating net expenditure of the municipal health care, 1000 euro (up to 2020)";"3268";"Kymenlaakso";"08";"combined";2012;316644;316644
"Operating net expenditure of the municipal health care, 1000 euro (up to 2020)";"3268";"Kymenlaakso";"08";"combined";2013;320993;320993
"Operating net expenditure of the municipal health care, 1000 euro (up to 2020)";"3268";"Kymenlaakso";"08";"combined";2014;332120;332120
"Operating net expenditure of the municipal health care, 1000 euro (up to 2020)";"3268";"Kymenlaakso";"08";"combined";2015;329193;329193
"Operating net expenditure of the municipal health care, 1000 euro (up to 2020)";"3268";"Kymenlaakso";"08";"combined";2016;335770;335770
"Operating net expenditure of the municipal health care, 1000 euro (up to 2020)";"3268";"Kymenlaakso";"08";"combined";2017;334990;334990
"Operating net expenditure of the municipal health care, 1000 euro (up to 2020)";"3268";"Kymenlaakso";"08";"combined";2018;354076;354076
"Operating net expenditure of the municipal health care, 1000 euro (up to 2020)";"3268";"Kymenlaakso";"08";"combined";2019;364199;364199
"Operating net expenditure of the municipal health care, 1000 euro (up to 2020)";"3268";"Kymenlaakso";"08";"combined";2020;373110;373110
"Operating net expenditure of the municipal health care, 1000 euro (up to 2020)";"3268";"Lapland";"19";"combined";1993;170390;170390
"Operating net expenditure of the municipal health care, 1000 euro (up to 2020)";"3268";"Lapland";"19";"combined";1994;166907;166907
"Operating net expenditure of the municipal health care, 1000 euro (up to 2020)";"3268";"Lapland";"19";"combined";1995;173461;173461
"Operating net expenditure of the municipal health care, 1000 euro (up to 2020)";"3268";"Lapland";"19";"combined";1996;177394;177394
"Operating net expenditure of the municipal health care, 1000 euro (up to 2020)";"3268";"Lapland";"19";"combined";1997;180849;180849
"Operating net expenditure of the municipal health care, 1000 euro (up to 2020)";"3268";"Lapland";"19";"combined";1998;184057;184057
"Operating net expenditure of the municipal health care, 1000 euro (up to 2020)";"3268";"Lapland";"19";"combined";1999;181425;181425
"Operating net expenditure of the municipal health care, 1000 euro (up to 2020)";"3268";"Lapland";"19";"combined";2000;193171;193171
"Operating net expenditure of the municipal health care, 1000 euro (up to 2020)";"3268";"Lapland";"19";"combined";2001;203602;203602
"Operating net expenditure of the municipal health care, 1000 euro (up to 2020)";"3268";"Lapland";"19";"combined";2002;215872;215872
"Operating net expenditure of the municipal health care, 1000 euro (up to 2020)";"3268";"Lapland";"19";"combined";2003;229946;229946
"Operating net expenditure of the municipal health care, 1000 euro (up to 2020)";"3268";"Lapland";"19";"combined";2004;244437;244437
"Operating net expenditure of the municipal health care, 1000 euro (up to 2020)";"3268";"Lapland";"19";"combined";2005;258769;258769
"Operating net expenditure of the municipal health care, 1000 euro (up to 2020)";"3268";"Lapland";"19";"combined";2006;270768;270768
"Operating net expenditure of the municipal health care, 1000 euro (up to 2020)";"3268";"Lapland";"19";"combined";2007;284766;284766
"Operating net expenditure of the municipal health care, 1000 euro (up to 2020)";"3268";"Lapland";"19";"combined";2008;304385;304385
"Operating net expenditure of the municipal health care, 1000 euro (up to 2020)";"3268";"Lapland";"19";"combined";2009;313792;313792
"Operating net expenditure of the municipal health care, 1000 euro (up to 2020)";"3268";"Lapland";"19";"combined";2010;324015;324015
"Operating net expenditure of the municipal health care, 1000 euro (up to 2020)";"3268";"Lapland";"19";"combined";2011;343462;343462
"Operating net expenditure of the municipal health care, 1000 euro (up to 2020)";"3268";"Lapland";"19";"combined";2012;371596;371596
"Operating net expenditure of the municipal health care, 1000 euro (up to 2020)";"3268";"Lapland";"19";"combined";2013;391095;391095
"Operating net expenditure of the municipal health care, 1000 euro (up to 2020)";"3268";"Lapland";"19";"combined";2014;409643;409643
"Operating net expenditure of the municipal health care, 1000 euro (up to 2020)";"3268";"Lapland";"19";"combined";2015;409266;409266
"Operating net expenditure of the municipal health care, 1000 euro (up to 2020)";"3268";"Lapland";"19";"combined";2016;408643;408643
"Operating net expenditure of the municipal health care, 1000 euro (up to 2020)";"3268";"Lapland";"19";"combined";2017;411015;411015
"Operating net expenditure of the municipal health care, 1000 euro (up to 2020)";"3268";"Lapland";"19";"combined";2018;436415;436415
"Operating net expenditure of the municipal health care, 1000 euro (up to 2020)";"3268";"Lapland";"19";"combined";2019;446985;446985
"Operating net expenditure of the municipal health care, 1000 euro (up to 2020)";"3268";"Lapland";"19";"combined";2020;450622;450622
"Operating net expenditure of the municipal health care, 1000 euro (up to 2020)";"3268";"North Karelia";"12";"combined";1993;151296;151296
"Operating net expenditure of the municipal health care, 1000 euro (up to 2020)";"3268";"North Karelia";"12";"combined";1994;148515;148515
"Operating net expenditure of the municipal health care, 1000 euro (up to 2020)";"3268";"North Karelia";"12";"combined";1995;152838;152838
"Operating net expenditure of the municipal health care, 1000 euro (up to 2020)";"3268";"North Karelia";"12";"combined";1996;156862;156862
"Operating net expenditure of the municipal health care, 1000 euro (up to 2020)";"3268";"North Karelia";"12";"combined";1997;162364;162364
"Operating net expenditure of the municipal health care, 1000 euro (up to 2020)";"3268";"North Karelia";"12";"combined";1998;162368;162368
"Operating net expenditure of the municipal health care, 1000 euro (up to 2020)";"3268";"North Karelia";"12";"combined";1999;166295;166295
"Operating net expenditure of the municipal health care, 1000 euro (up to 2020)";"3268";"North Karelia";"12";"combined";2000;173409;173409
"Operating net expenditure of the municipal health care, 1000 euro (up to 2020)";"3268";"North Karelia";"12";"combined";2001;180339;180339
"Operating net expenditure of the municipal health care, 1000 euro (up to 2020)";"3268";"North Karelia";"12";"combined";2002;194101;194101
"Operating net expenditure of the municipal health care, 1000 euro (up to 2020)";"3268";"North Karelia";"12";"combined";2003;212972;212972
"Operating net expenditure of the municipal health care, 1000 euro (up to 2020)";"3268";"North Karelia";"12";"combined";2004;222464;222464
"Operating net expenditure of the municipal health care, 1000 euro (up to 2020)";"3268";"North Karelia";"12";"combined";2005;237550;237550
"Operating net expenditure of the municipal health care, 1000 euro (up to 2020)";"3268";"North Karelia";"12";"combined";2006;249240;249240
"Operating net expenditure of the municipal health care, 1000 euro (up to 2020)";"3268";"North Karelia";"12";"combined";2007;264613;264613
"Operating net expenditure of the municipal health care, 1000 euro (up to 2020)";"3268";"North Karelia";"12";"combined";2008;283772;283772
"Operating net expenditure of the municipal health care, 1000 euro (up to 2020)";"3268";"North Karelia";"12";"combined";2009;292785;292785
"Operating net expenditure of the municipal health care, 1000 euro (up to 2020)";"3268";"North Karelia";"12";"combined";2010;294496;294496
"Operating net expenditure of the municipal health care, 1000 euro (up to 2020)";"3268";"North Karelia";"12";"combined";2011;306451;306451
"Operating net expenditure of the municipal health care, 1000 euro (up to 2020)";"3268";"North Karelia";"12";"combined";2012;302465;302465
"Operating net expenditure of the municipal health care, 1000 euro (up to 2020)";"3268";"North Karelia";"12";"combined";2013;337066;337066
"Operating net expenditure of the municipal health care, 1000 euro (up to 2020)";"3268";"North Karelia";"12";"combined";2014;345268;345268
"Operating net expenditure of the municipal health care, 1000 euro (up to 2020)";"3268";"North Karelia";"12";"combined";2015;347760;347760
"Operating net expenditure of the municipal health care, 1000 euro (up to 2020)";"3268";"North Karelia";"12";"combined";2016;350317;350317
"Operating net expenditure of the municipal health care, 1000 euro (up to 2020)";"3268";"North Karelia";"12";"combined";2017;337020;337020
"Operating net expenditure of the municipal health care, 1000 euro (up to 2020)";"3268";"North Karelia";"12";"combined";2018;335531;335531
"Operating net expenditure of the municipal health care, 1000 euro (up to 2020)";"3268";"North Karelia";"12";"combined";2019;342198;342198
"Operating net expenditure of the municipal health care, 1000 euro (up to 2020)";"3268";"North Karelia";"12";"combined";2020;358215;358215
"Operating net expenditure of the municipal health care, 1000 euro (up to 2020)";"3268";"North Ostrobothnia";"17";"combined";1993;288658;288658
"Operating net expenditure of the municipal health care, 1000 euro (up to 2020)";"3268";"North Ostrobothnia";"17";"combined";1994;268959;268959
"Operating net expenditure of the municipal health care, 1000 euro (up to 2020)";"3268";"North Ostrobothnia";"17";"combined";1995;290239;290239
"Operating net expenditure of the municipal health care, 1000 euro (up to 2020)";"3268";"North Ostrobothnia";"17";"combined";1996;309670;309670
"Operating net expenditure of the municipal health care, 1000 euro (up to 2020)";"3268";"North Ostrobothnia";"17";"combined";1997;326116;326116
"Operating net expenditure of the municipal health care, 1000 euro (up to 2020)";"3268";"North Ostrobothnia";"17";"combined";1998;324904;324904
"Operating net expenditure of the municipal health care, 1000 euro (up to 2020)";"3268";"North Ostrobothnia";"17";"combined";1999;337046;337046
"Operating net expenditure of the municipal health care, 1000 euro (up to 2020)";"3268";"North Ostrobothnia";"17";"combined";2000;346817;346817
"Operating net expenditure of the municipal health care, 1000 euro (up to 2020)";"3268";"North Ostrobothnia";"17";"combined";2001;369807;369807
"Operating net expenditure of the municipal health care, 1000 euro (up to 2020)";"3268";"North Ostrobothnia";"17";"combined";2002;409316;409316
"Operating net expenditure of the municipal health care, 1000 euro (up to 2020)";"3268";"North Ostrobothnia";"17";"combined";2003;439431;439431
"Operating net expenditure of the municipal health care, 1000 euro (up to 2020)";"3268";"North Ostrobothnia";"17";"combined";2004;464332;464332
"Operating net expenditure of the municipal health care, 1000 euro (up to 2020)";"3268";"North Ostrobothnia";"17";"combined";2005;488187;488187
"Operating net expenditure of the municipal health care, 1000 euro (up to 2020)";"3268";"North Ostrobothnia";"17";"combined";2006;520093;520093
"Operating net expenditure of the municipal health care, 1000 euro (up to 2020)";"3268";"North Ostrobothnia";"17";"combined";2007;542421;542421
"Operating net expenditure of the municipal health care, 1000 euro (up to 2020)";"3268";"North Ostrobothnia";"17";"combined";2008;587835;587835
"Operating net expenditure of the municipal health care, 1000 euro (up to 2020)";"3268";"North Ostrobothnia";"17";"combined";2009;624211;624211
"Operating net expenditure of the municipal health care, 1000 euro (up to 2020)";"3268";"North Ostrobothnia";"17";"combined";2010;652353;652353
"Operating net expenditure of the municipal health care, 1000 euro (up to 2020)";"3268";"North Ostrobothnia";"17";"combined";2011;686294;686294
"Operating net expenditure of the municipal health care, 1000 euro (up to 2020)";"3268";"North Ostrobothnia";"17";"combined";2012;720123;720123
"Operating net expenditure of the municipal health care, 1000 euro (up to 2020)";"3268";"North Ostrobothnia";"17";"combined";2013;760152;760152
"Operating net expenditure of the municipal health care, 1000 euro (up to 2020)";"3268";"North Ostrobothnia";"17";"combined";2014;765091;765091
"Operating net expenditure of the municipal health care, 1000 euro (up to 2020)";"3268";"North Ostrobothnia";"17";"combined";2015;777074;777074
"Operating net expenditure of the municipal health care, 1000 euro (up to 2020)";"3268";"North Ostrobothnia";"17";"combined";2016;793308;793308
"Operating net expenditure of the municipal health care, 1000 euro (up to 2020)";"3268";"North Ostrobothnia";"17";"combined";2017;808577;808577
"Operating net expenditure of the municipal health care, 1000 euro (up to 2020)";"3268";"North Ostrobothnia";"17";"combined";2018;824982;824982
"Operating net expenditure of the municipal health care, 1000 euro (up to 2020)";"3268";"North Ostrobothnia";"17";"combined";2019;875784;875784
"Operating net expenditure of the municipal health care, 1000 euro (up to 2020)";"3268";"North Ostrobothnia";"17";"combined";2020;913164;913164
"Operating net expenditure of the municipal health care, 1000 euro (up to 2020)";"3268";"North Savo";"11";"combined";1993;231170;231170
"Operating net expenditure of the municipal health care, 1000 euro (up to 2020)";"3268";"North Savo";"11";"combined";1994;228854;228854
"Operating net expenditure of the municipal health care, 1000 euro (up to 2020)";"3268";"North Savo";"11";"combined";1995;226220;226220
"Operating net expenditure of the municipal health care, 1000 euro (up to 2020)";"3268";"North Savo";"11";"combined";1996;238450;238450
"Operating net expenditure of the municipal health care, 1000 euro (up to 2020)";"3268";"North Savo";"11";"combined";1997;257554;257554
"Operating net expenditure of the municipal health care, 1000 euro (up to 2020)";"3268";"North Savo";"11";"combined";1998;259441;259441
"Operating net expenditure of the municipal health care, 1000 euro (up to 2020)";"3268";"North Savo";"11";"combined";1999;256666;256666
"Operating net expenditure of the municipal health care, 1000 euro (up to 2020)";"3268";"North Savo";"11";"combined";2000;260384;260384
"Operating net expenditure of the municipal health care, 1000 euro (up to 2020)";"3268";"North Savo";"11";"combined";2001;273954;273954
"Operating net expenditure of the municipal health care, 1000 euro (up to 2020)";"3268";"North Savo";"11";"combined";2002;300761;300761
"Operating net expenditure of the municipal health care, 1000 euro (up to 2020)";"3268";"North Savo";"11";"combined";2003;314432;314432
"Operating net expenditure of the municipal health care, 1000 euro (up to 2020)";"3268";"North Savo";"11";"combined";2004;340485;340485
"Operating net expenditure of the municipal health care, 1000 euro (up to 2020)";"3268";"North Savo";"11";"combined";2005;359207;359207
"Operating net expenditure of the municipal health care, 1000 euro (up to 2020)";"3268";"North Savo";"11";"combined";2006;374027;374027
"Operating net expenditure of the municipal health care, 1000 euro (up to 2020)";"3268";"North Savo";"11";"combined";2007;398740;398740
"Operating net expenditure of the municipal health care, 1000 euro (up to 2020)";"3268";"North Savo";"11";"combined";2008;419227;419227
"Operating net expenditure of the municipal health care, 1000 euro (up to 2020)";"3268";"North Savo";"11";"combined";2009;442067;442067
"Operating net expenditure of the municipal health care, 1000 euro (up to 2020)";"3268";"North Savo";"11";"combined";2010;450091;450091
"Operating net expenditure of the municipal health care, 1000 euro (up to 2020)";"3268";"North Savo";"11";"combined";2011;480567;480567
"Operating net expenditure of the municipal health care, 1000 euro (up to 2020)";"3268";"North Savo";"11";"combined";2012;512495;512495
"Operating net expenditure of the municipal health care, 1000 euro (up to 2020)";"3268";"North Savo";"11";"combined";2013;539032;539032
"Operating net expenditure of the municipal health care, 1000 euro (up to 2020)";"3268";"North Savo";"11";"combined";2014;540840;540840
"Operating net expenditure of the municipal health care, 1000 euro (up to 2020)";"3268";"North Savo";"11";"combined";2015;545808;545808
"Operating net expenditure of the municipal health care, 1000 euro (up to 2020)";"3268";"North Savo";"11";"combined";2016;550354;550354
"Operating net expenditure of the municipal health care, 1000 euro (up to 2020)";"3268";"North Savo";"11";"combined";2017;552834;552834
"Operating net expenditure of the municipal health care, 1000 euro (up to 2020)";"3268";"North Savo";"11";"combined";2018;554355;554355
"Operating net expenditure of the municipal health care, 1000 euro (up to 2020)";"3268";"North Savo";"11";"combined";2019;588353;588353
"Operating net expenditure of the municipal health care, 1000 euro (up to 2020)";"3268";"North Savo";"11";"combined";2020;614227;614227
"Operating net expenditure of the municipal health care, 1000 euro (up to 2020)";"3268";"Ostrobothnia";"15";"combined";1993;138665;138665
"Operating net expenditure of the municipal health care, 1000 euro (up to 2020)";"3268";"Ostrobothnia";"15";"combined";1994;138531;138531
"Operating net expenditure of the municipal health care, 1000 euro (up to 2020)";"3268";"Ostrobothnia";"15";"combined";1995;145220;145220
"Operating net expenditure of the municipal health care, 1000 euro (up to 2020)";"3268";"Ostrobothnia";"15";"combined";1996;152891;152891
"Operating net expenditure of the municipal health care, 1000 euro (up to 2020)";"3268";"Ostrobothnia";"15";"combined";1997;166558;166558
"Operating net expenditure of the municipal health care, 1000 euro (up to 2020)";"3268";"Ostrobothnia";"15";"combined";1998;173640;173640
"Operating net expenditure of the municipal health care, 1000 euro (up to 2020)";"3268";"Ostrobothnia";"15";"combined";1999;172766;172766
"Operating net expenditure of the municipal health care, 1000 euro (up to 2020)";"3268";"Ostrobothnia";"15";"combined";2000;179414;179414
"Operating net expenditure of the municipal health care, 1000 euro (up to 2020)";"3268";"Ostrobothnia";"15";"combined";2001;187525;187525
"Operating net expenditure of the municipal health care, 1000 euro (up to 2020)";"3268";"Ostrobothnia";"15";"combined";2002;199356;199356
"Operating net expenditure of the municipal health care, 1000 euro (up to 2020)";"3268";"Ostrobothnia";"15";"combined";2003;208603;208603
"Operating net expenditure of the municipal health care, 1000 euro (up to 2020)";"3268";"Ostrobothnia";"15";"combined";2004;219560;219560
"Operating net expenditure of the municipal health care, 1000 euro (up to 2020)";"3268";"Ostrobothnia";"15";"combined";2005;234336;234336
"Operating net expenditure of the municipal health care, 1000 euro (up to 2020)";"3268";"Ostrobothnia";"15";"combined";2006;240015;240015
"Operating net expenditure of the municipal health care, 1000 euro (up to 2020)";"3268";"Ostrobothnia";"15";"combined";2007;255081;255081
"Operating net expenditure of the municipal health care, 1000 euro (up to 2020)";"3268";"Ostrobothnia";"15";"combined";2008;278143;278143
"Operating net expenditure of the municipal health care, 1000 euro (up to 2020)";"3268";"Ostrobothnia";"15";"combined";2009;288865;288865
"Operating net expenditure of the municipal health care, 1000 euro (up to 2020)";"3268";"Ostrobothnia";"15";"combined";2010;289833;289833
"Operating net expenditure of the municipal health care, 1000 euro (up to 2020)";"3268";"Ostrobothnia";"15";"combined";2011;309634;309634
"Operating net expenditure of the municipal health care, 1000 euro (up to 2020)";"3268";"Ostrobothnia";"15";"combined";2012;331863;331863
"Operating net expenditure of the municipal health care, 1000 euro (up to 2020)";"3268";"Ostrobothnia";"15";"combined";2013;351140;351140
"Operating net expenditure of the municipal health care, 1000 euro (up to 2020)";"3268";"Ostrobothnia";"15";"combined";2014;361442;361442
"Operating net expenditure of the municipal health care, 1000 euro (up to 2020)";"3268";"Ostrobothnia";"15";"combined";2015;365587;365587
"Operating net expenditure of the municipal health care, 1000 euro (up to 2020)";"3268";"Ostrobothnia";"15";"combined";2016;354043;354043
"Operating net expenditure of the municipal health care, 1000 euro (up to 2020)";"3268";"Ostrobothnia";"15";"combined";2017;340730;340730
"Operating net expenditure of the municipal health care, 1000 euro (up to 2020)";"3268";"Ostrobothnia";"15";"combined";2018;358498;358498
"Operating net expenditure of the municipal health care, 1000 euro (up to 2020)";"3268";"Ostrobothnia";"15";"combined";2019;374363;374363
"Operating net expenditure of the municipal health care, 1000 euro (up to 2020)";"3268";"Ostrobothnia";"15";"combined";2020;377561;377561
"Operating net expenditure of the municipal health care, 1000 euro (up to 2020)";"3268";"Pirkanmaa";"06";"combined";1993;285624;285624
"Operating net expenditure of the municipal health care, 1000 euro (up to 2020)";"3268";"Pirkanmaa";"06";"combined";1994;284417;284417
"Operating net expenditure of the municipal health care, 1000 euro (up to 2020)";"3268";"Pirkanmaa";"06";"combined";1995;307715;307715
"Operating net expenditure of the municipal health care, 1000 euro (up to 2020)";"3268";"Pirkanmaa";"06";"combined";1996;324613;324613
"Operating net expenditure of the municipal health care, 1000 euro (up to 2020)";"3268";"Pirkanmaa";"06";"combined";1997;350351;350351
"Operating net expenditure of the municipal health care, 1000 euro (up to 2020)";"3268";"Pirkanmaa";"06";"combined";1998;371348;371348
"Operating net expenditure of the municipal health care, 1000 euro (up to 2020)";"3268";"Pirkanmaa";"06";"combined";1999;381524;381524
"Operating net expenditure of the municipal health care, 1000 euro (up to 2020)";"3268";"Pirkanmaa";"06";"combined";2000;395372;395372
"Operating net expenditure of the municipal health care, 1000 euro (up to 2020)";"3268";"Pirkanmaa";"06";"combined";2001;425215;425215
"Operating net expenditure of the municipal health care, 1000 euro (up to 2020)";"3268";"Pirkanmaa";"06";"combined";2002;458432;458432
"Operating net expenditure of the municipal health care, 1000 euro (up to 2020)";"3268";"Pirkanmaa";"06";"combined";2003;491259;491259
"Operating net expenditure of the municipal health care, 1000 euro (up to 2020)";"3268";"Pirkanmaa";"06";"combined";2004;536097;536097
"Operating net expenditure of the municipal health care, 1000 euro (up to 2020)";"3268";"Pirkanmaa";"06";"combined";2005;571299;571299
"Operating net expenditure of the municipal health care, 1000 euro (up to 2020)";"3268";"Pirkanmaa";"06";"combined";2006;607119;607119
"Operating net expenditure of the municipal health care, 1000 euro (up to 2020)";"3268";"Pirkanmaa";"06";"combined";2007;652814;652814
"Operating net expenditure of the municipal health care, 1000 euro (up to 2020)";"3268";"Pirkanmaa";"06";"combined";2008;734458;734458
"Operating net expenditure of the municipal health care, 1000 euro (up to 2020)";"3268";"Pirkanmaa";"06";"combined";2009;746637;746637
"Operating net expenditure of the municipal health care, 1000 euro (up to 2020)";"3268";"Pirkanmaa";"06";"combined";2010;782861;782861
"Operating net expenditure of the municipal health care, 1000 euro (up to 2020)";"3268";"Pirkanmaa";"06";"combined";2011;838067;838067
"Operating net expenditure of the municipal health care, 1000 euro (up to 2020)";"3268";"Pirkanmaa";"06";"combined";2012;887818;887818
"Operating net expenditure of the municipal health care, 1000 euro (up to 2020)";"3268";"Pirkanmaa";"06";"combined";2013;929900;929900
"Operating net expenditure of the municipal health care, 1000 euro (up to 2020)";"3268";"Pirkanmaa";"06";"combined";2014;933530;933530
"Operating net expenditure of the municipal health care, 1000 euro (up to 2020)";"3268";"Pirkanmaa";"06";"combined";2015;903992;903992
"Operating net expenditure of the municipal health care, 1000 euro (up to 2020)";"3268";"Pirkanmaa";"06";"combined";2016;925718;925718
"Operating net expenditure of the municipal health care, 1000 euro (up to 2020)";"3268";"Pirkanmaa";"06";"combined";2017;948713;948713
"Operating net expenditure of the municipal health care, 1000 euro (up to 2020)";"3268";"Pirkanmaa";"06";"combined";2018;989171;989171
"Operating net expenditure of the municipal health care, 1000 euro (up to 2020)";"3268";"Pirkanmaa";"06";"combined";2019;1008621;1008621
"Operating net expenditure of the municipal health care, 1000 euro (up to 2020)";"3268";"Pirkanmaa";"06";"combined";2020;1052835;1052835
"Operating net expenditure of the municipal health care, 1000 euro (up to 2020)";"3268";"Päijät-Häme";"07";"combined";1993;151415;151415
"Operating net expenditure of the municipal health care, 1000 euro (up to 2020)";"3268";"Päijät-Häme";"07";"combined";1994;142249;142249
"Operating net expenditure of the municipal health care, 1000 euro (up to 2020)";"3268";"Päijät-Häme";"07";"combined";1995;144323;144323
"Operating net expenditure of the municipal health care, 1000 euro (up to 2020)";"3268";"Päijät-Häme";"07";"combined";1996;160914;160914
"Operating net expenditure of the municipal health care, 1000 euro (up to 2020)";"3268";"Päijät-Häme";"07";"combined";1997;167553;167553
"Operating net expenditure of the municipal health care, 1000 euro (up to 2020)";"3268";"Päijät-Häme";"07";"combined";1998;171504;171504
"Operating net expenditure of the municipal health care, 1000 euro (up to 2020)";"3268";"Päijät-Häme";"07";"combined";1999;175616;175616
"Operating net expenditure of the municipal health care, 1000 euro (up to 2020)";"3268";"Päijät-Häme";"07";"combined";2000;179470;179470
"Operating net expenditure of the municipal health care, 1000 euro (up to 2020)";"3268";"Päijät-Häme";"07";"combined";2001;189842;189842
"Operating net expenditure of the municipal health care, 1000 euro (up to 2020)";"3268";"Päijät-Häme";"07";"combined";2002;207051;207051
"Operating net expenditure of the municipal health care, 1000 euro (up to 2020)";"3268";"Päijät-Häme";"07";"combined";2003;232451;232451
"Operating net expenditure of the municipal health care, 1000 euro (up to 2020)";"3268";"Päijät-Häme";"07";"combined";2004;249769;249769
"Operating net expenditure of the municipal health care, 1000 euro (up to 2020)";"3268";"Päijät-Häme";"07";"combined";2005;264141;264141
"Operating net expenditure of the municipal health care, 1000 euro (up to 2020)";"3268";"Päijät-Häme";"07";"combined";2006;270026;270026
"Operating net expenditure of the municipal health care, 1000 euro (up to 2020)";"3268";"Päijät-Häme";"07";"combined";2007;286523;286523
"Operating net expenditure of the municipal health care, 1000 euro (up to 2020)";"3268";"Päijät-Häme";"07";"combined";2008;327746;327746
"Operating net expenditure of the municipal health care, 1000 euro (up to 2020)";"3268";"Päijät-Häme";"07";"combined";2009;331103;331103
"Operating net expenditure of the municipal health care, 1000 euro (up to 2020)";"3268";"Päijät-Häme";"07";"combined";2010;339523;339523
"Operating net expenditure of the municipal health care, 1000 euro (up to 2020)";"3268";"Päijät-Häme";"07";"combined";2011;355192;355192
"Operating net expenditure of the municipal health care, 1000 euro (up to 2020)";"3268";"Päijät-Häme";"07";"combined";2012;380919;380919
"Operating net expenditure of the municipal health care, 1000 euro (up to 2020)";"3268";"Päijät-Häme";"07";"combined";2013;403627;403627
"Operating net expenditure of the municipal health care, 1000 euro (up to 2020)";"3268";"Päijät-Häme";"07";"combined";2014;390132;390132
"Operating net expenditure of the municipal health care, 1000 euro (up to 2020)";"3268";"Päijät-Häme";"07";"combined";2015;390129;390129
"Operating net expenditure of the municipal health care, 1000 euro (up to 2020)";"3268";"Päijät-Häme";"07";"combined";2016;395412;395412
"Operating net expenditure of the municipal health care, 1000 euro (up to 2020)";"3268";"Päijät-Häme";"07";"combined";2017;391105;391105
"Operating net expenditure of the municipal health care, 1000 euro (up to 2020)";"3268";"Päijät-Häme";"07";"combined";2018;401434;401434
"Operating net expenditure of the municipal health care, 1000 euro (up to 2020)";"3268";"Päijät-Häme";"07";"combined";2019;429549;429549
"Operating net expenditure of the municipal health care, 1000 euro (up to 2020)";"3268";"Päijät-Häme";"07";"combined";2020;424446;424446
"Operating net expenditure of the municipal health care, 1000 euro (up to 2020)";"3268";"Satakunta";"04";"combined";1993;178055;178055
"Operating net expenditure of the municipal health care, 1000 euro (up to 2020)";"3268";"Satakunta";"04";"combined";1994;176394;176394
"Operating net expenditure of the municipal health care, 1000 euro (up to 2020)";"3268";"Satakunta";"04";"combined";1995;180092;180092
"Operating net expenditure of the municipal health care, 1000 euro (up to 2020)";"3268";"Satakunta";"04";"combined";1996;191356;191356
"Operating net expenditure of the municipal health care, 1000 euro (up to 2020)";"3268";"Satakunta";"04";"combined";1997;205433;205433
"Operating net expenditure of the municipal health care, 1000 euro (up to 2020)";"3268";"Satakunta";"04";"combined";1998;215012;215012
"Operating net expenditure of the municipal health care, 1000 euro (up to 2020)";"3268";"Satakunta";"04";"combined";1999;214473;214473
"Operating net expenditure of the municipal health care, 1000 euro (up to 2020)";"3268";"Satakunta";"04";"combined";2000;213050;213050
"Operating net expenditure of the municipal health care, 1000 euro (up to 2020)";"3268";"Satakunta";"04";"combined";2001;233130;233130
"Operating net expenditure of the municipal health care, 1000 euro (up to 2020)";"3268";"Satakunta";"04";"combined";2002;245612;245612
"Operating net expenditure of the municipal health care, 1000 euro (up to 2020)";"3268";"Satakunta";"04";"combined";2003;262120;262120
"Operating net expenditure of the municipal health care, 1000 euro (up to 2020)";"3268";"Satakunta";"04";"combined";2004;278932;278932
"Operating net expenditure of the municipal health care, 1000 euro (up to 2020)";"3268";"Satakunta";"04";"combined";2005;294940;294940
"Operating net expenditure of the municipal health care, 1000 euro (up to 2020)";"3268";"Satakunta";"04";"combined";2006;311639;311639
"Operating net expenditure of the municipal health care, 1000 euro (up to 2020)";"3268";"Satakunta";"04";"combined";2007;317555;317555
"Operating net expenditure of the municipal health care, 1000 euro (up to 2020)";"3268";"Satakunta";"04";"combined";2008;346039;346039
"Operating net expenditure of the municipal health care, 1000 euro (up to 2020)";"3268";"Satakunta";"04";"combined";2009;366785;366785
"Operating net expenditure of the municipal health care, 1000 euro (up to 2020)";"3268";"Satakunta";"04";"combined";2010;373044;373044
"Operating net expenditure of the municipal health care, 1000 euro (up to 2020)";"3268";"Satakunta";"04";"combined";2011;402481;402481
"Operating net expenditure of the municipal health care, 1000 euro (up to 2020)";"3268";"Satakunta";"04";"combined";2012;421421;421421
"Operating net expenditure of the municipal health care, 1000 euro (up to 2020)";"3268";"Satakunta";"04";"combined";2013;427284;427284
"Operating net expenditure of the municipal health care, 1000 euro (up to 2020)";"3268";"Satakunta";"04";"combined";2014;433474;433474
"Operating net expenditure of the municipal health care, 1000 euro (up to 2020)";"3268";"Satakunta";"04";"combined";2015;433733;433733
"Operating net expenditure of the municipal health care, 1000 euro (up to 2020)";"3268";"Satakunta";"04";"combined";2016;428105;428105
"Operating net expenditure of the municipal health care, 1000 euro (up to 2020)";"3268";"Satakunta";"04";"combined";2017;418166;418166
"Operating net expenditure of the municipal health care, 1000 euro (up to 2020)";"3268";"Satakunta";"04";"combined";2018;432556;432556
"Operating net expenditure of the municipal health care, 1000 euro (up to 2020)";"3268";"Satakunta";"04";"combined";2019;444689;444689
"Operating net expenditure of the municipal health care, 1000 euro (up to 2020)";"3268";"Satakunta";"04";"combined";2020;448463;448463
"Operating net expenditure of the municipal health care, 1000 euro (up to 2020)";"3268";"South Karelia";"09";"combined";1993;112683;112683
"Operating net expenditure of the municipal health care, 1000 euro (up to 2020)";"3268";"South Karelia";"09";"combined";1994;112121;112121
"Operating net expenditure of the municipal health care, 1000 euro (up to 2020)";"3268";"South Karelia";"09";"combined";1995;109906;109906
"Operating net expenditure of the municipal health care, 1000 euro (up to 2020)";"3268";"South Karelia";"09";"combined";1996;119875;119875
"Operating net expenditure of the municipal health care, 1000 euro (up to 2020)";"3268";"South Karelia";"09";"combined";1997;123072;123072
"Operating net expenditure of the municipal health care, 1000 euro (up to 2020)";"3268";"South Karelia";"09";"combined";1998;125863;125863
"Operating net expenditure of the municipal health care, 1000 euro (up to 2020)";"3268";"South Karelia";"09";"combined";1999;124965;124965
"Operating net expenditure of the municipal health care, 1000 euro (up to 2020)";"3268";"South Karelia";"09";"combined";2000;128260;128260
"Operating net expenditure of the municipal health care, 1000 euro (up to 2020)";"3268";"South Karelia";"09";"combined";2001;138425;138425
"Operating net expenditure of the municipal health care, 1000 euro (up to 2020)";"3268";"South Karelia";"09";"combined";2002;148245;148245
"Operating net expenditure of the municipal health care, 1000 euro (up to 2020)";"3268";"South Karelia";"09";"combined";2003;158893;158893
"Operating net expenditure of the municipal health care, 1000 euro (up to 2020)";"3268";"South Karelia";"09";"combined";2004;165997;165997
"Operating net expenditure of the municipal health care, 1000 euro (up to 2020)";"3268";"South Karelia";"09";"combined";2005;176515;176515
"Operating net expenditure of the municipal health care, 1000 euro (up to 2020)";"3268";"South Karelia";"09";"combined";2006;183062;183062
"Operating net expenditure of the municipal health care, 1000 euro (up to 2020)";"3268";"South Karelia";"09";"combined";2007;195008;195008
"Operating net expenditure of the municipal health care, 1000 euro (up to 2020)";"3268";"South Karelia";"09";"combined";2008;212939;212939
"Operating net expenditure of the municipal health care, 1000 euro (up to 2020)";"3268";"South Karelia";"09";"combined";2009;220600;220600
"Operating net expenditure of the municipal health care, 1000 euro (up to 2020)";"3268";"South Karelia";"09";"combined";2010;240539;240539
"Operating net expenditure of the municipal health care, 1000 euro (up to 2020)";"3268";"South Karelia";"09";"combined";2011;241914;241914
"Operating net expenditure of the municipal health care, 1000 euro (up to 2020)";"3268";"South Karelia";"09";"combined";2012;247398;247398
"Operating net expenditure of the municipal health care, 1000 euro (up to 2020)";"3268";"South Karelia";"09";"combined";2013;254144;254144
"Operating net expenditure of the municipal health care, 1000 euro (up to 2020)";"3268";"South Karelia";"09";"combined";2014;269768;269768
"Operating net expenditure of the municipal health care, 1000 euro (up to 2020)";"3268";"South Karelia";"09";"combined";2015;261602;261602
"Operating net expenditure of the municipal health care, 1000 euro (up to 2020)";"3268";"South Karelia";"09";"combined";2016;266784;266784
"Operating net expenditure of the municipal health care, 1000 euro (up to 2020)";"3268";"South Karelia";"09";"combined";2017;264899;264899
"Operating net expenditure of the municipal health care, 1000 euro (up to 2020)";"3268";"South Karelia";"09";"combined";2018;267200;267200
"Operating net expenditure of the municipal health care, 1000 euro (up to 2020)";"3268";"South Karelia";"09";"combined";2019;260533;260533
"Operating net expenditure of the municipal health care, 1000 euro (up to 2020)";"3268";"South Karelia";"09";"combined";2020;291366;291366
"Operating net expenditure of the municipal health care, 1000 euro (up to 2020)";"3268";"South Ostrobothnia";"14";"combined";1993;156645;156645
"Operating net expenditure of the municipal health care, 1000 euro (up to 2020)";"3268";"South Ostrobothnia";"14";"combined";1994;152667;152667
"Operating net expenditure of the municipal health care, 1000 euro (up to 2020)";"3268";"South Ostrobothnia";"14";"combined";1995;159186;159186
"Operating net expenditure of the municipal health care, 1000 euro (up to 2020)";"3268";"South Ostrobothnia";"14";"combined";1996;174005;174005
"Operating net expenditure of the municipal health care, 1000 euro (up to 2020)";"3268";"South Ostrobothnia";"14";"combined";1997;182344;182344
"Operating net expenditure of the municipal health care, 1000 euro (up to 2020)";"3268";"South Ostrobothnia";"14";"combined";1998;184874;184874
"Operating net expenditure of the municipal health care, 1000 euro (up to 2020)";"3268";"South Ostrobothnia";"14";"combined";1999;194904;194904
"Operating net expenditure of the municipal health care, 1000 euro (up to 2020)";"3268";"South Ostrobothnia";"14";"combined";2000;197564;197564
"Operating net expenditure of the municipal health care, 1000 euro (up to 2020)";"3268";"South Ostrobothnia";"14";"combined";2001;217104;217104
"Operating net expenditure of the municipal health care, 1000 euro (up to 2020)";"3268";"South Ostrobothnia";"14";"combined";2002;224161;224161
"Operating net expenditure of the municipal health care, 1000 euro (up to 2020)";"3268";"South Ostrobothnia";"14";"combined";2003;239327;239327
"Operating net expenditure of the municipal health care, 1000 euro (up to 2020)";"3268";"South Ostrobothnia";"14";"combined";2004;257696;257696
"Operating net expenditure of the municipal health care, 1000 euro (up to 2020)";"3268";"South Ostrobothnia";"14";"combined";2005;271693;271693
"Operating net expenditure of the municipal health care, 1000 euro (up to 2020)";"3268";"South Ostrobothnia";"14";"combined";2006;282612;282612
"Operating net expenditure of the municipal health care, 1000 euro (up to 2020)";"3268";"South Ostrobothnia";"14";"combined";2007;299673;299673
"Operating net expenditure of the municipal health care, 1000 euro (up to 2020)";"3268";"South Ostrobothnia";"14";"combined";2008;316749;316749
"Operating net expenditure of the municipal health care, 1000 euro (up to 2020)";"3268";"South Ostrobothnia";"14";"combined";2009;332881;332881
"Operating net expenditure of the municipal health care, 1000 euro (up to 2020)";"3268";"South Ostrobothnia";"14";"combined";2010;335061;335061
"Operating net expenditure of the municipal health care, 1000 euro (up to 2020)";"3268";"South Ostrobothnia";"14";"combined";2011;360403;360403
"Operating net expenditure of the municipal health care, 1000 euro (up to 2020)";"3268";"South Ostrobothnia";"14";"combined";2012;371887;371887
"Operating net expenditure of the municipal health care, 1000 euro (up to 2020)";"3268";"South Ostrobothnia";"14";"combined";2013;400257;400257
"Operating net expenditure of the municipal health care, 1000 euro (up to 2020)";"3268";"South Ostrobothnia";"14";"combined";2014;412001;412001
"Operating net expenditure of the municipal health care, 1000 euro (up to 2020)";"3268";"South Ostrobothnia";"14";"combined";2015;404641;404641
"Operating net expenditure of the municipal health care, 1000 euro (up to 2020)";"3268";"South Ostrobothnia";"14";"combined";2016;394669;394669
"Operating net expenditure of the municipal health care, 1000 euro (up to 2020)";"3268";"South Ostrobothnia";"14";"combined";2017;400516;400516
"Operating net expenditure of the municipal health care, 1000 euro (up to 2020)";"3268";"South Ostrobothnia";"14";"combined";2018;407295;407295
"Operating net expenditure of the municipal health care, 1000 euro (up to 2020)";"3268";"South Ostrobothnia";"14";"combined";2019;433932;433932
"Operating net expenditure of the municipal health care, 1000 euro (up to 2020)";"3268";"South Ostrobothnia";"14";"combined";2020;443684;443684
"Operating net expenditure of the municipal health care, 1000 euro (up to 2020)";"3268";"South Savo";"10";"combined";1993;131479;131479
"Operating net expenditure of the municipal health care, 1000 euro (up to 2020)";"3268";"South Savo";"10";"combined";1994;129949;129949
"Operating net expenditure of the municipal health care, 1000 euro (up to 2020)";"3268";"South Savo";"10";"combined";1995;132885;132885
"Operating net expenditure of the municipal health care, 1000 euro (up to 2020)";"3268";"South Savo";"10";"combined";1996;139853;139853
"Operating net expenditure of the municipal health care, 1000 euro (up to 2020)";"3268";"South Savo";"10";"combined";1997;148318;148318
"Operating net expenditure of the municipal health care, 1000 euro (up to 2020)";"3268";"South Savo";"10";"combined";1998;152411;152411
"Operating net expenditure of the municipal health care, 1000 euro (up to 2020)";"3268";"South Savo";"10";"combined";1999;157147;157147
"Operating net expenditure of the municipal health care, 1000 euro (up to 2020)";"3268";"South Savo";"10";"combined";2000;157133;157133
"Operating net expenditure of the municipal health care, 1000 euro (up to 2020)";"3268";"South Savo";"10";"combined";2001;171981;171981
"Operating net expenditure of the municipal health care, 1000 euro (up to 2020)";"3268";"South Savo";"10";"combined";2002;183430;183430
"Operating net expenditure of the municipal health care, 1000 euro (up to 2020)";"3268";"South Savo";"10";"combined";2003;193602;193602
"Operating net expenditure of the municipal health care, 1000 euro (up to 2020)";"3268";"South Savo";"10";"combined";2004;202022;202022
"Operating net expenditure of the municipal health care, 1000 euro (up to 2020)";"3268";"South Savo";"10";"combined";2005;215227;215227
"Operating net expenditure of the municipal health care, 1000 euro (up to 2020)";"3268";"South Savo";"10";"combined";2006;228551;228551
"Operating net expenditure of the municipal health care, 1000 euro (up to 2020)";"3268";"South Savo";"10";"combined";2007;235870;235870
"Operating net expenditure of the municipal health care, 1000 euro (up to 2020)";"3268";"South Savo";"10";"combined";2008;259805;259805
"Operating net expenditure of the municipal health care, 1000 euro (up to 2020)";"3268";"South Savo";"10";"combined";2009;259302;259302
"Operating net expenditure of the municipal health care, 1000 euro (up to 2020)";"3268";"South Savo";"10";"combined";2010;270128;270128
"Operating net expenditure of the municipal health care, 1000 euro (up to 2020)";"3268";"South Savo";"10";"combined";2011;292011;292011
"Operating net expenditure of the municipal health care, 1000 euro (up to 2020)";"3268";"South Savo";"10";"combined";2012;297529;297529
"Operating net expenditure of the municipal health care, 1000 euro (up to 2020)";"3268";"South Savo";"10";"combined";2013;312137;312137
"Operating net expenditure of the municipal health care, 1000 euro (up to 2020)";"3268";"South Savo";"10";"combined";2014;319522;319522
"Operating net expenditure of the municipal health care, 1000 euro (up to 2020)";"3268";"South Savo";"10";"combined";2015;316659;316659
"Operating net expenditure of the municipal health care, 1000 euro (up to 2020)";"3268";"South Savo";"10";"combined";2016;315924;315924
"Operating net expenditure of the municipal health care, 1000 euro (up to 2020)";"3268";"South Savo";"10";"combined";2017;314101;314101
"Operating net expenditure of the municipal health care, 1000 euro (up to 2020)";"3268";"South Savo";"10";"combined";2018;315308;315308
"Operating net expenditure of the municipal health care, 1000 euro (up to 2020)";"3268";"South Savo";"10";"combined";2019;322815;322815
"Operating net expenditure of the municipal health care, 1000 euro (up to 2020)";"3268";"South Savo";"10";"combined";2020;338475;338475
"Operating net expenditure of the municipal health care, 1000 euro (up to 2020)";"3268";"Southwest Finland";"02";"combined";1993;307044;307044
"Operating net expenditure of the municipal health care, 1000 euro (up to 2020)";"3268";"Southwest Finland";"02";"combined";1994;304953;304953
"Operating net expenditure of the municipal health care, 1000 euro (up to 2020)";"3268";"Southwest Finland";"02";"combined";1995;314199;314199
"Operating net expenditure of the municipal health care, 1000 euro (up to 2020)";"3268";"Southwest Finland";"02";"combined";1996;335466;335466
"Operating net expenditure of the municipal health care, 1000 euro (up to 2020)";"3268";"Southwest Finland";"02";"combined";1997;367327;367327
"Operating net expenditure of the municipal health care, 1000 euro (up to 2020)";"3268";"Southwest Finland";"02";"combined";1998;381292;381292
"Operating net expenditure of the municipal health care, 1000 euro (up to 2020)";"3268";"Southwest Finland";"02";"combined";1999;391508;391508
"Operating net expenditure of the municipal health care, 1000 euro (up to 2020)";"3268";"Southwest Finland";"02";"combined";2000;402812;402812
"Operating net expenditure of the municipal health care, 1000 euro (up to 2020)";"3268";"Southwest Finland";"02";"combined";2001;436740;436740
"Operating net expenditure of the municipal health care, 1000 euro (up to 2020)";"3268";"Southwest Finland";"02";"combined";2002;461006;461006
"Operating net expenditure of the municipal health care, 1000 euro (up to 2020)";"3268";"Southwest Finland";"02";"combined";2003;496325;496325
"Operating net expenditure of the municipal health care, 1000 euro (up to 2020)";"3268";"Southwest Finland";"02";"combined";2004;538884;538884
"Operating net expenditure of the municipal health care, 1000 euro (up to 2020)";"3268";"Southwest Finland";"02";"combined";2005;575190;575190
"Operating net expenditure of the municipal health care, 1000 euro (up to 2020)";"3268";"Southwest Finland";"02";"combined";2006;612341;612341
"Operating net expenditure of the municipal health care, 1000 euro (up to 2020)";"3268";"Southwest Finland";"02";"combined";2007;647103;647103
"Operating net expenditure of the municipal health care, 1000 euro (up to 2020)";"3268";"Southwest Finland";"02";"combined";2008;706348;706348
"Operating net expenditure of the municipal health care, 1000 euro (up to 2020)";"3268";"Southwest Finland";"02";"combined";2009;704309;704309
"Operating net expenditure of the municipal health care, 1000 euro (up to 2020)";"3268";"Southwest Finland";"02";"combined";2010;742428;742428
"Operating net expenditure of the municipal health care, 1000 euro (up to 2020)";"3268";"Southwest Finland";"02";"combined";2011;785548;785548
"Operating net expenditure of the municipal health care, 1000 euro (up to 2020)";"3268";"Southwest Finland";"02";"combined";2012;816861;816861
"Operating net expenditure of the municipal health care, 1000 euro (up to 2020)";"3268";"Southwest Finland";"02";"combined";2013;850954;850954
"Operating net expenditure of the municipal health care, 1000 euro (up to 2020)";"3268";"Southwest Finland";"02";"combined";2014;874501;874501
"Operating net expenditure of the municipal health care, 1000 euro (up to 2020)";"3268";"Southwest Finland";"02";"combined";2015;885936;885936
"Operating net expenditure of the municipal health care, 1000 euro (up to 2020)";"3268";"Southwest Finland";"02";"combined";2016;892471;892471
"Operating net expenditure of the municipal health care, 1000 euro (up to 2020)";"3268";"Southwest Finland";"02";"combined";2017;899357;899357
"Operating net expenditure of the municipal health care, 1000 euro (up to 2020)";"3268";"Southwest Finland";"02";"combined";2018;931366;931366
"Operating net expenditure of the municipal health care, 1000 euro (up to 2020)";"3268";"Southwest Finland";"02";"combined";2019;953448;953448
"Operating net expenditure of the municipal health care, 1000 euro (up to 2020)";"3268";"Southwest Finland";"02";"combined";2020;973593;973593
"Operating net expenditure of the municipal health care, 1000 euro (up to 2020)";"3268";"Uusimaa";"01";"combined";1993;1040158;1040158
"Operating net expenditure of the municipal health care, 1000 euro (up to 2020)";"3268";"Uusimaa";"01";"combined";1994;1016584;1016584
"Operating net expenditure of the municipal health care, 1000 euro (up to 2020)";"3268";"Uusimaa";"01";"combined";1995;1058892;1058892
"Operating net expenditure of the municipal health care, 1000 euro (up to 2020)";"3268";"Uusimaa";"01";"combined";1996;1141009;1141009
"Operating net expenditure of the municipal health care, 1000 euro (up to 2020)";"3268";"Uusimaa";"01";"combined";1997;1167546;1167546
"Operating net expenditure of the municipal health care, 1000 euro (up to 2020)";"3268";"Uusimaa";"01";"combined";1998;1196034;1196034
"Operating net expenditure of the municipal health care, 1000 euro (up to 2020)";"3268";"Uusimaa";"01";"combined";1999;1261045;1261045
"Operating net expenditure of the municipal health care, 1000 euro (up to 2020)";"3268";"Uusimaa";"01";"combined";2000;1321569;1321569
"Operating net expenditure of the municipal health care, 1000 euro (up to 2020)";"3268";"Uusimaa";"01";"combined";2001;1455003;1455003
"Operating net expenditure of the municipal health care, 1000 euro (up to 2020)";"3268";"Uusimaa";"01";"combined";2002;1591478;1591478
"Operating net expenditure of the municipal health care, 1000 euro (up to 2020)";"3268";"Uusimaa";"01";"combined";2003;1626283;1626283
"Operating net expenditure of the municipal health care, 1000 euro (up to 2020)";"3268";"Uusimaa";"01";"combined";2004;1699782;1699782
"Operating net expenditure of the municipal health care, 1000 euro (up to 2020)";"3268";"Uusimaa";"01";"combined";2005;1820373;1820373
"Operating net expenditure of the municipal health care, 1000 euro (up to 2020)";"3268";"Uusimaa";"01";"combined";2006;1897617;1897617
"Operating net expenditure of the municipal health care, 1000 euro (up to 2020)";"3268";"Uusimaa";"01";"combined";2007;2021473;2021473
"Operating net expenditure of the municipal health care, 1000 euro (up to 2020)";"3268";"Uusimaa";"01";"combined";2008;2204840;2204840
"Operating net expenditure of the municipal health care, 1000 euro (up to 2020)";"3268";"Uusimaa";"01";"combined";2009;2281484;2281484
"Operating net expenditure of the municipal health care, 1000 euro (up to 2020)";"3268";"Uusimaa";"01";"combined";2010;2261574;2261574
"Operating net expenditure of the municipal health care, 1000 euro (up to 2020)";"3268";"Uusimaa";"01";"combined";2011;2378016;2378016
"Operating net expenditure of the municipal health care, 1000 euro (up to 2020)";"3268";"Uusimaa";"01";"combined";2012;2479620;2479620
"Operating net expenditure of the municipal health care, 1000 euro (up to 2020)";"3268";"Uusimaa";"01";"combined";2013;2593561;2593561
"Operating net expenditure of the municipal health care, 1000 euro (up to 2020)";"3268";"Uusimaa";"01";"combined";2014;2627983;2627983
"Operating net expenditure of the municipal health care, 1000 euro (up to 2020)";"3268";"Uusimaa";"01";"combined";2015;2659282;2659282
"Operating net expenditure of the municipal health care, 1000 euro (up to 2020)";"3268";"Uusimaa";"01";"combined";2016;2510027;2510027
"Operating net expenditure of the municipal health care, 1000 euro (up to 2020)";"3268";"Uusimaa";"01";"combined";2017;2687977;2687977
"Operating net expenditure of the municipal health care, 1000 euro (up to 2020)";"3268";"Uusimaa";"01";"combined";2018;2709295;2709295
"Operating net expenditure of the municipal health care, 1000 euro (up to 2020)";"3268";"Uusimaa";"01";"combined";2019;2943154;2943154
"Operating net expenditure of the municipal health care, 1000 euro (up to 2020)";"3268";"Uusimaa";"01";"combined";2020;3077221;3077221
"Operating net expenditure of the municipal health care, 1000 euro (up to 2020)";"3268";"Åland";"21";"combined";1993;11426;11426
"Operating net expenditure of the municipal health care, 1000 euro (up to 2020)";"3268";"Åland";"21";"combined";1994;3196;3196
"Operating net expenditure of the municipal health care, 1000 euro (up to 2020)";"3268";"Åland";"21";"combined";1995;3097;3097
"Operating net expenditure of the municipal health care, 1000 euro (up to 2020)";"3268";"Åland";"21";"combined";1996;3529;3529
"Operating net expenditure of the municipal health care, 1000 euro (up to 2020)";"3268";"Åland";"21";"combined";1997;0;0
"Operating net expenditure of the municipal health care, 1000 euro (up to 2020)";"3268";"Åland";"21";"combined";1998;0;0
"Operating net expenditure of the municipal health care, 1000 euro (up to 2020)";"3268";"Åland";"21";"combined";1999;78;78
"Operating net expenditure of the municipal health care, 1000 euro (up to 2020)";"3268";"Åland";"21";"combined";2000;-51;-51
"Operating net expenditure of the municipal health care, 1000 euro (up to 2020)";"3268";"Åland";"21";"combined";2001;2;2
"Operating net expenditure of the municipal health care, 1000 euro (up to 2020)";"3268";"Åland";"21";"combined";2002;-20;-20
"Operating net expenditure of the municipal health care, 1000 euro (up to 2020)";"3268";"Åland";"21";"combined";2003;-70;-70
"Operating net expenditure of the municipal health care, 1000 euro (up to 2020)";"3268";"Åland";"21";"combined";2004;-60;-60
"Operating net expenditure of the municipal health care, 1000 euro (up to 2020)";"3268";"Åland";"21";"combined";2005;-33;-33
"Operating net expenditure of the municipal health care, 1000 euro (up to 2020)";"3268";"Åland";"21";"combined";2006;115;115
"Operating net expenditure of the municipal health care, 1000 euro (up to 2020)";"3268";"Åland";"21";"combined";2007;153;153
"Operating net expenditure of the municipal health care, 1000 euro (up to 2020)";"3268";"Åland";"21";"combined";2008;176;176
"Operating net expenditure of the municipal health care, 1000 euro (up to 2020)";"3268";"Åland";"21";"combined";2009;220;220
"Operating net expenditure of the municipal health care, 1000 euro (up to 2020)";"3268";"Åland";"21";"combined";2010;360;360
"Operating net expenditure of the municipal health care, 1000 euro (up to 2020)";"3268";"Åland";"21";"combined";2011;382;382
"Operating net expenditure of the municipal health care, 1000 euro (up to 2020)";"3268";"Åland";"21";"combined";2012;374;374
"Operating net expenditure of the municipal health care, 1000 euro (up to 2020)";"3268";"Åland";"21";"combined";2013;419;419
"Operating net expenditure of the municipal health care, 1000 euro (up to 2020)";"3268";"Åland";"21";"combined";2014;479;479
"Operating net expenditure of the municipal health care, 1000 euro (up to 2020)";"3268";"Åland";"21";"combined";2015;772;772
"Operating net expenditure of the municipal health care, 1000 euro (up to 2020)";"3268";"Åland";"21";"combined";2016;590;590
"Operating net expenditure of the municipal health care, 1000 euro (up to 2020)";"3268";"Åland";"21";"combined";2017;468;468
"Operating net expenditure of the municipal health care, 1000 euro (up to 2020)";"3268";"Åland";"21";"combined";2018;412;412
"Operating net expenditure of the municipal health care, 1000 euro (up to 2020)";"3268";"Åland";"21";"combined";2019;490;490
"Operating net expenditure of the municipal health care, 1000 euro (up to 2020)";"3268";"Åland";"21";"combined";2020;730;730
